This is pdfTeX, Version 3.141592653-2.6-1.40.28 (MiKTeX 25.12) (preloaded format=latex 2026.7.12)  15 JUL 2026 17:49
entering extended mode
 %&-line parsing enabled.
**\let \APPmakepictures \empty \input  main.tex
(main.tex (C:\Users\domin\AppData\Local\Programs\MiKTeX\tex/latex/mwcls\mwrep.c
ls
Document Class: mwrep 2025/09/14 v0.77 A LaTeX document class (MW)
*** Beta version. Formatting may change
*** in future versions of this class.
(C:\Users\domin\AppData\Local\Programs\MiKTeX\tex/latex/mwcls\mw12.clo
File: mw12.clo 2025/09/14 v0.77 A document class size option (MW)
)
\@parindent=\dimen148
\c@part=\count275
\c@chapter=\count276
\c@section=\count277
\c@subsection=\count278
\c@subsubsection=\count279
\c@paragraph=\count280
\c@subparagraph=\count281
\c@figure=\count282
\c@table=\count283
\abovecaptionskip=\skip49
\belowcaptionskip=\skip50
\bibindent=\dimen149
) (settings.tex (C:\Users\domin\AppData\Local\Programs\MiKTeX\tex/latex/geometr
y\geometry.sty
Package: geometry 2026/03/07 v6.0 Page Geometry
(C:\Users\domin\AppData\Local\Programs\MiKTeX\tex/latex/graphics\keyval.sty
Package: keyval 2022/05/29 v1.15 key=value parser (DPC)
\KV@toks@=\toks17
) (C:\Users\domin\AppData\Local\Programs\MiKTeX\tex/generic/iftex\ifvtex.sty
Package: ifvtex 2019/10/25 v1.7 ifvtex legacy package. Use iftex instead.
(C:\Users\domin\AppData\Local\Programs\MiKTeX\tex/generic/iftex\iftex.sty
Package: iftex 2024/12/12 v1.0g TeX engine tests
))
\Gm@cnth=\count284
\Gm@cntv=\count285
\c@Gm@tempcnt=\count286
\Gm@bindingoffset=\dimen150
\Gm@wd@mp=\dimen151
\Gm@odd@mp=\dimen152
\Gm@even@mp=\dimen153
\Gm@layoutwidth=\dimen154
\Gm@layoutheight=\dimen155
\Gm@layouthoffset=\dimen156
\Gm@layoutvoffset=\dimen157
\Gm@dimlist=\toks18
(C:\Users\domin\AppData\Local\Programs\MiKTeX\tex/latex/geometry\geometry.cfg))
(C:\Users\domin\AppData\Local\Programs\MiKTeX\tex/latex/psnfss\times.sty
Package: times 2020/03/25 PSNFSS-v9.3 (SPQR) 
) (C:\Users\domin\AppData\Local\Programs\MiKTeX\tex/latex/base\inputenc.sty
Package: inputenc 2024/02/08 v1.3d Input encoding file
\inpenc@prehook=\toks19
\inpenc@posthook=\toks20
(C:\Users\domin\AppData\Local\Programs\MiKTeX\tex/latex/ucs\utf8x.def
File: utf8x.def 2023/11/09 UCS: Input encoding UTF-8

Package ucs Info: utf8x disabled, assuming standard utf8 processing
(ucs)             load ucs package to force utf8x processing.

(C:\Users\domin\AppData\Local\Programs\MiKTeX\tex/latex/base\utf8.def
File: utf8.def 2022/06/07 v1.3c UTF-8 support
Now handling font encoding OML ...
... no UTF-8 mapping file for font encoding OML
Now handling font encoding OMS ...
... processing UTF-8 mapping file for font encoding OMS
(C:\Users\domin\AppData\Local\Programs\MiKTeX\tex/latex/base\omsenc.dfu
File: omsenc.dfu 2022/06/07 v1.3c UTF-8 support
   defining Unicode char U+00A7 (decimal 167)
   defining Unicode char U+00B6 (decimal 182)
   defining Unicode char U+00B7 (decimal 183)
   defining Unicode char U+2020 (decimal 8224)
   defining Unicode char U+2021 (decimal 8225)
   defining Unicode char U+2022 (decimal 8226)
)
Now handling font encoding OT1 ...
... processing UTF-8 mapping file for font encoding OT1
(C:\Users\domin\AppData\Local\Programs\MiKTeX\tex/latex/base\ot1enc.dfu
File: ot1enc.dfu 2022/06/07 v1.3c UTF-8 support
   defining Unicode char U+00A0 (decimal 160)
   defining Unicode char U+00A1 (decimal 161)
   defining Unicode char U+00A3 (decimal 163)
   defining Unicode char U+00AD (decimal 173)
   defining Unicode char U+00B8 (decimal 184)
   defining Unicode char U+00BF (decimal 191)
   defining Unicode char U+00C5 (decimal 197)
   defining Unicode char U+00C6 (decimal 198)
   defining Unicode char U+00D8 (decimal 216)
   defining Unicode char U+00DF (decimal 223)
   defining Unicode char U+00E6 (decimal 230)
   defining Unicode char U+00EC (decimal 236)
   defining Unicode char U+00ED (decimal 237)
   defining Unicode char U+00EE (decimal 238)
   defining Unicode char U+00EF (decimal 239)
   defining Unicode char U+00F8 (decimal 248)
   defining Unicode char U+0131 (decimal 305)
   defining Unicode char U+0141 (decimal 321)
   defining Unicode char U+0142 (decimal 322)
   defining Unicode char U+0152 (decimal 338)
   defining Unicode char U+0153 (decimal 339)
   defining Unicode char U+0174 (decimal 372)
   defining Unicode char U+0175 (decimal 373)
   defining Unicode char U+0176 (decimal 374)
   defining Unicode char U+0177 (decimal 375)
   defining Unicode char U+0218 (decimal 536)
   defining Unicode char U+0219 (decimal 537)
   defining Unicode char U+021A (decimal 538)
   defining Unicode char U+021B (decimal 539)
   defining Unicode char U+0237 (decimal 567)
   defining Unicode char U+2013 (decimal 8211)
   defining Unicode char U+2014 (decimal 8212)
   defining Unicode char U+2018 (decimal 8216)
   defining Unicode char U+2019 (decimal 8217)
   defining Unicode char U+201C (decimal 8220)
   defining Unicode char U+201D (decimal 8221)
   defining Unicode char U+FB00 (decimal 64256)
   defining Unicode char U+FB01 (decimal 64257)
   defining Unicode char U+FB02 (decimal 64258)
   defining Unicode char U+FB03 (decimal 64259)
   defining Unicode char U+FB04 (decimal 64260)
   defining Unicode char U+FB05 (decimal 64261)
   defining Unicode char U+FB06 (decimal 64262)
)
Now handling font encoding T1 ...
... processing UTF-8 mapping file for font encoding T1
(C:\Users\domin\AppData\Local\Programs\MiKTeX\tex/latex/base\t1enc.dfu
File: t1enc.dfu 2022/06/07 v1.3c UTF-8 support
   defining Unicode char U+00A0 (decimal 160)
   defining Unicode char U+00A1 (decimal 161)
   defining Unicode char U+00A3 (decimal 163)
   defining Unicode char U+00AB (decimal 171)
   defining Unicode char U+00AD (decimal 173)
   defining Unicode char U+00BB (decimal 187)
   defining Unicode char U+00BF (decimal 191)
   defining Unicode char U+00C0 (decimal 192)
   defining Unicode char U+00C1 (decimal 193)
   defining Unicode char U+00C2 (decimal 194)
   defining Unicode char U+00C3 (decimal 195)
   defining Unicode char U+00C4 (decimal 196)
   defining Unicode char U+00C5 (decimal 197)
   defining Unicode char U+00C6 (decimal 198)
   defining Unicode char U+00C7 (decimal 199)
   defining Unicode char U+00C8 (decimal 200)
   defining Unicode char U+00C9 (decimal 201)
   defining Unicode char U+00CA (decimal 202)
   defining Unicode char U+00CB (decimal 203)
   defining Unicode char U+00CC (decimal 204)
   defining Unicode char U+00CD (decimal 205)
   defining Unicode char U+00CE (decimal 206)
   defining Unicode char U+00CF (decimal 207)
   defining Unicode char U+00D0 (decimal 208)
   defining Unicode char U+00D1 (decimal 209)
   defining Unicode char U+00D2 (decimal 210)
   defining Unicode char U+00D3 (decimal 211)
   defining Unicode char U+00D4 (decimal 212)
   defining Unicode char U+00D5 (decimal 213)
   defining Unicode char U+00D6 (decimal 214)
   defining Unicode char U+00D8 (decimal 216)
   defining Unicode char U+00D9 (decimal 217)
   defining Unicode char U+00DA (decimal 218)
   defining Unicode char U+00DB (decimal 219)
   defining Unicode char U+00DC (decimal 220)
   defining Unicode char U+00DD (decimal 221)
   defining Unicode char U+00DE (decimal 222)
   defining Unicode char U+00DF (decimal 223)
   defining Unicode char U+00E0 (decimal 224)
   defining Unicode char U+00E1 (decimal 225)
   defining Unicode char U+00E2 (decimal 226)
   defining Unicode char U+00E3 (decimal 227)
   defining Unicode char U+00E4 (decimal 228)
   defining Unicode char U+00E5 (decimal 229)
   defining Unicode char U+00E6 (decimal 230)
   defining Unicode char U+00E7 (decimal 231)
   defining Unicode char U+00E8 (decimal 232)
   defining Unicode char U+00E9 (decimal 233)
   defining Unicode char U+00EA (decimal 234)
   defining Unicode char U+00EB (decimal 235)
   defining Unicode char U+00EC (decimal 236)
   defining Unicode char U+00ED (decimal 237)
   defining Unicode char U+00EE (decimal 238)
   defining Unicode char U+00EF (decimal 239)
   defining Unicode char U+00F0 (decimal 240)
   defining Unicode char U+00F1 (decimal 241)
   defining Unicode char U+00F2 (decimal 242)
   defining Unicode char U+00F3 (decimal 243)
   defining Unicode char U+00F4 (decimal 244)
   defining Unicode char U+00F5 (decimal 245)
   defining Unicode char U+00F6 (decimal 246)
   defining Unicode char U+00F8 (decimal 248)
   defining Unicode char U+00F9 (decimal 249)
   defining Unicode char U+00FA (decimal 250)
   defining Unicode char U+00FB (decimal 251)
   defining Unicode char U+00FC (decimal 252)
   defining Unicode char U+00FD (decimal 253)
   defining Unicode char U+00FE (decimal 254)
   defining Unicode char U+00FF (decimal 255)
   defining Unicode char U+0100 (decimal 256)
   defining Unicode char U+0101 (decimal 257)
   defining Unicode char U+0102 (decimal 258)
   defining Unicode char U+0103 (decimal 259)
   defining Unicode char U+0104 (decimal 260)
   defining Unicode char U+0105 (decimal 261)
   defining Unicode char U+0106 (decimal 262)
   defining Unicode char U+0107 (decimal 263)
   defining Unicode char U+0108 (decimal 264)
   defining Unicode char U+0109 (decimal 265)
   defining Unicode char U+010A (decimal 266)
   defining Unicode char U+010B (decimal 267)
   defining Unicode char U+010C (decimal 268)
   defining Unicode char U+010D (decimal 269)
   defining Unicode char U+010E (decimal 270)
   defining Unicode char U+010F (decimal 271)
   defining Unicode char U+0110 (decimal 272)
   defining Unicode char U+0111 (decimal 273)
   defining Unicode char U+0112 (decimal 274)
   defining Unicode char U+0113 (decimal 275)
   defining Unicode char U+0114 (decimal 276)
   defining Unicode char U+0115 (decimal 277)
   defining Unicode char U+0116 (decimal 278)
   defining Unicode char U+0117 (decimal 279)
   defining Unicode char U+0118 (decimal 280)
   defining Unicode char U+0119 (decimal 281)
   defining Unicode char U+011A (decimal 282)
   defining Unicode char U+011B (decimal 283)
   defining Unicode char U+011C (decimal 284)
   defining Unicode char U+011D (decimal 285)
   defining Unicode char U+011E (decimal 286)
   defining Unicode char U+011F (decimal 287)
   defining Unicode char U+0120 (decimal 288)
   defining Unicode char U+0121 (decimal 289)
   defining Unicode char U+0122 (decimal 290)
   defining Unicode char U+0123 (decimal 291)
   defining Unicode char U+0124 (decimal 292)
   defining Unicode char U+0125 (decimal 293)
   defining Unicode char U+0128 (decimal 296)
   defining Unicode char U+0129 (decimal 297)
   defining Unicode char U+012A (decimal 298)
   defining Unicode char U+012B (decimal 299)
   defining Unicode char U+012C (decimal 300)
   defining Unicode char U+012D (decimal 301)
   defining Unicode char U+012E (decimal 302)
   defining Unicode char U+012F (decimal 303)
   defining Unicode char U+0130 (decimal 304)
   defining Unicode char U+0131 (decimal 305)
   defining Unicode char U+0132 (decimal 306)
   defining Unicode char U+0133 (decimal 307)
   defining Unicode char U+0134 (decimal 308)
   defining Unicode char U+0135 (decimal 309)
   defining Unicode char U+0136 (decimal 310)
   defining Unicode char U+0137 (decimal 311)
   defining Unicode char U+0139 (decimal 313)
   defining Unicode char U+013A (decimal 314)
   defining Unicode char U+013B (decimal 315)
   defining Unicode char U+013C (decimal 316)
   defining Unicode char U+013D (decimal 317)
   defining Unicode char U+013E (decimal 318)
   defining Unicode char U+0141 (decimal 321)
   defining Unicode char U+0142 (decimal 322)
   defining Unicode char U+0143 (decimal 323)
   defining Unicode char U+0144 (decimal 324)
   defining Unicode char U+0145 (decimal 325)
   defining Unicode char U+0146 (decimal 326)
   defining Unicode char U+0147 (decimal 327)
   defining Unicode char U+0148 (decimal 328)
   defining Unicode char U+014A (decimal 330)
   defining Unicode char U+014B (decimal 331)
   defining Unicode char U+014C (decimal 332)
   defining Unicode char U+014D (decimal 333)
   defining Unicode char U+014E (decimal 334)
   defining Unicode char U+014F (decimal 335)
   defining Unicode char U+0150 (decimal 336)
   defining Unicode char U+0151 (decimal 337)
   defining Unicode char U+0152 (decimal 338)
   defining Unicode char U+0153 (decimal 339)
   defining Unicode char U+0154 (decimal 340)
   defining Unicode char U+0155 (decimal 341)
   defining Unicode char U+0156 (decimal 342)
   defining Unicode char U+0157 (decimal 343)
   defining Unicode char U+0158 (decimal 344)
   defining Unicode char U+0159 (decimal 345)
   defining Unicode char U+015A (decimal 346)
   defining Unicode char U+015B (decimal 347)
   defining Unicode char U+015C (decimal 348)
   defining Unicode char U+015D (decimal 349)
   defining Unicode char U+015E (decimal 350)
   defining Unicode char U+015F (decimal 351)
   defining Unicode char U+0160 (decimal 352)
   defining Unicode char U+0161 (decimal 353)
   defining Unicode char U+0162 (decimal 354)
   defining Unicode char U+0163 (decimal 355)
   defining Unicode char U+0164 (decimal 356)
   defining Unicode char U+0165 (decimal 357)
   defining Unicode char U+0168 (decimal 360)
   defining Unicode char U+0169 (decimal 361)
   defining Unicode char U+016A (decimal 362)
   defining Unicode char U+016B (decimal 363)
   defining Unicode char U+016C (decimal 364)
   defining Unicode char U+016D (decimal 365)
   defining Unicode char U+016E (decimal 366)
   defining Unicode char U+016F (decimal 367)
   defining Unicode char U+0170 (decimal 368)
   defining Unicode char U+0171 (decimal 369)
   defining Unicode char U+0172 (decimal 370)
   defining Unicode char U+0173 (decimal 371)
   defining Unicode char U+0174 (decimal 372)
   defining Unicode char U+0175 (decimal 373)
   defining Unicode char U+0176 (decimal 374)
   defining Unicode char U+0177 (decimal 375)
   defining Unicode char U+0178 (decimal 376)
   defining Unicode char U+0179 (decimal 377)
   defining Unicode char U+017A (decimal 378)
   defining Unicode char U+017B (decimal 379)
   defining Unicode char U+017C (decimal 380)
   defining Unicode char U+017D (decimal 381)
   defining Unicode char U+017E (decimal 382)
   defining Unicode char U+01C4 (decimal 452)
   defining Unicode char U+01C5 (decimal 453)
   defining Unicode char U+01C6 (decimal 454)
   defining Unicode char U+01C7 (decimal 455)
   defining Unicode char U+01C8 (decimal 456)
   defining Unicode char U+01C9 (decimal 457)
   defining Unicode char U+01CA (decimal 458)
   defining Unicode char U+01CB (decimal 459)
   defining Unicode char U+01CC (decimal 460)
   defining Unicode char U+01CD (decimal 461)
   defining Unicode char U+01CE (decimal 462)
   defining Unicode char U+01CF (decimal 463)
   defining Unicode char U+01D0 (decimal 464)
   defining Unicode char U+01D1 (decimal 465)
   defining Unicode char U+01D2 (decimal 466)
   defining Unicode char U+01D3 (decimal 467)
   defining Unicode char U+01D4 (decimal 468)
   defining Unicode char U+01E2 (decimal 482)
   defining Unicode char U+01E3 (decimal 483)
   defining Unicode char U+01E6 (decimal 486)
   defining Unicode char U+01E7 (decimal 487)
   defining Unicode char U+01E8 (decimal 488)
   defining Unicode char U+01E9 (decimal 489)
   defining Unicode char U+01EA (decimal 490)
   defining Unicode char U+01EB (decimal 491)
   defining Unicode char U+01F0 (decimal 496)
   defining Unicode char U+01F4 (decimal 500)
   defining Unicode char U+01F5 (decimal 501)
   defining Unicode char U+0218 (decimal 536)
   defining Unicode char U+0219 (decimal 537)
   defining Unicode char U+021A (decimal 538)
   defining Unicode char U+021B (decimal 539)
   defining Unicode char U+0232 (decimal 562)
   defining Unicode char U+0233 (decimal 563)
   defining Unicode char U+0237 (decimal 567)
   defining Unicode char U+02D9 (decimal 729)
   defining Unicode char U+02DB (decimal 731)
   defining Unicode char U+1E02 (decimal 7682)
   defining Unicode char U+1E03 (decimal 7683)
   defining Unicode char U+1E0D (decimal 7693)
   defining Unicode char U+1E1E (decimal 7710)
   defining Unicode char U+1E1F (decimal 7711)
   defining Unicode char U+1E25 (decimal 7717)
   defining Unicode char U+1E30 (decimal 7728)
   defining Unicode char U+1E31 (decimal 7729)
   defining Unicode char U+1E37 (decimal 7735)
   defining Unicode char U+1E8E (decimal 7822)
   defining Unicode char U+1E8F (decimal 7823)
   defining Unicode char U+1E43 (decimal 7747)
   defining Unicode char U+1E45 (decimal 7749)
   defining Unicode char U+1E47 (decimal 7751)
   defining Unicode char U+1E5B (decimal 7771)
   defining Unicode char U+1E63 (decimal 7779)
   defining Unicode char U+1E6D (decimal 7789)
   defining Unicode char U+1E90 (decimal 7824)
   defining Unicode char U+1E91 (decimal 7825)
   defining Unicode char U+1E9E (decimal 7838)
   defining Unicode char U+1EF2 (decimal 7922)
   defining Unicode char U+1EF3 (decimal 7923)
   defining Unicode char U+200C (decimal 8204)
   defining Unicode char U+2010 (decimal 8208)
   defining Unicode char U+2011 (decimal 8209)
   defining Unicode char U+2012 (decimal 8210)
   defining Unicode char U+2013 (decimal 8211)
   defining Unicode char U+2014 (decimal 8212)
   defining Unicode char U+2015 (decimal 8213)
   defining Unicode char U+2018 (decimal 8216)
   defining Unicode char U+2019 (decimal 8217)
   defining Unicode char U+201A (decimal 8218)
   defining Unicode char U+201C (decimal 8220)
   defining Unicode char U+201D (decimal 8221)
   defining Unicode char U+201E (decimal 8222)
   defining Unicode char U+2030 (decimal 8240)
   defining Unicode char U+2031 (decimal 8241)
   defining Unicode char U+2039 (decimal 8249)
   defining Unicode char U+203A (decimal 8250)
   defining Unicode char U+2423 (decimal 9251)
   defining Unicode char U+1E20 (decimal 7712)
   defining Unicode char U+1E21 (decimal 7713)
   defining Unicode char U+FB00 (decimal 64256)
   defining Unicode char U+FB01 (decimal 64257)
   defining Unicode char U+FB02 (decimal 64258)
   defining Unicode char U+FB03 (decimal 64259)
   defining Unicode char U+FB04 (decimal 64260)
   defining Unicode char U+FB05 (decimal 64261)
   defining Unicode char U+FB06 (decimal 64262)
)
Now handling font encoding TS1 ...
... processing UTF-8 mapping file for font encoding TS1
(C:\Users\domin\AppData\Local\Programs\MiKTeX\tex/latex/base\ts1enc.dfu
File: ts1enc.dfu 2022/06/07 v1.3c UTF-8 support
   defining Unicode char U+00A2 (decimal 162)
   defining Unicode char U+00A3 (decimal 163)
   defining Unicode char U+00A4 (decimal 164)
   defining Unicode char U+00A5 (decimal 165)
   defining Unicode char U+00A6 (decimal 166)
   defining Unicode char U+00A7 (decimal 167)
   defining Unicode char U+00A8 (decimal 168)
   defining Unicode char U+00A9 (decimal 169)
   defining Unicode char U+00AA (decimal 170)
   defining Unicode char U+00AC (decimal 172)
   defining Unicode char U+00AE (decimal 174)
   defining Unicode char U+00AF (decimal 175)
   defining Unicode char U+00B0 (decimal 176)
   defining Unicode char U+00B1 (decimal 177)
   defining Unicode char U+00B2 (decimal 178)
   defining Unicode char U+00B3 (decimal 179)
   defining Unicode char U+00B4 (decimal 180)
   defining Unicode char U+00B5 (decimal 181)
   defining Unicode char U+00B6 (decimal 182)
   defining Unicode char U+00B7 (decimal 183)
   defining Unicode char U+00B9 (decimal 185)
   defining Unicode char U+00BA (decimal 186)
   defining Unicode char U+00BC (decimal 188)
   defining Unicode char U+00BD (decimal 189)
   defining Unicode char U+00BE (decimal 190)
   defining Unicode char U+00D7 (decimal 215)
   defining Unicode char U+00F7 (decimal 247)
   defining Unicode char U+0192 (decimal 402)
   defining Unicode char U+02C7 (decimal 711)
   defining Unicode char U+02D8 (decimal 728)
   defining Unicode char U+02DD (decimal 733)
   defining Unicode char U+0E3F (decimal 3647)
   defining Unicode char U+2016 (decimal 8214)
   defining Unicode char U+2020 (decimal 8224)
   defining Unicode char U+2021 (decimal 8225)
   defining Unicode char U+2022 (decimal 8226)
   defining Unicode char U+2030 (decimal 8240)
   defining Unicode char U+2031 (decimal 8241)
   defining Unicode char U+203B (decimal 8251)
   defining Unicode char U+203D (decimal 8253)
   defining Unicode char U+2044 (decimal 8260)
   defining Unicode char U+204E (decimal 8270)
   defining Unicode char U+2052 (decimal 8274)
   defining Unicode char U+20A1 (decimal 8353)
   defining Unicode char U+20A4 (decimal 8356)
   defining Unicode char U+20A6 (decimal 8358)
   defining Unicode char U+20A9 (decimal 8361)
   defining Unicode char U+20AB (decimal 8363)
   defining Unicode char U+20AC (decimal 8364)
   defining Unicode char U+20B1 (decimal 8369)
   defining Unicode char U+2103 (decimal 8451)
   defining Unicode char U+2116 (decimal 8470)
   defining Unicode char U+2117 (decimal 8471)
   defining Unicode char U+211E (decimal 8478)
   defining Unicode char U+2120 (decimal 8480)
   defining Unicode char U+2122 (decimal 8482)
   defining Unicode char U+2126 (decimal 8486)
   defining Unicode char U+2127 (decimal 8487)
   defining Unicode char U+212E (decimal 8494)
   defining Unicode char U+2190 (decimal 8592)
   defining Unicode char U+2191 (decimal 8593)
   defining Unicode char U+2192 (decimal 8594)
   defining Unicode char U+2193 (decimal 8595)
   defining Unicode char U+2329 (decimal 9001)
   defining Unicode char U+3008 (decimal 12296)
   defining Unicode char U+232A (decimal 9002)
   defining Unicode char U+3009 (decimal 12297)
   defining Unicode char U+2422 (decimal 9250)
   defining Unicode char U+25E6 (decimal 9702)
   defining Unicode char U+25EF (decimal 9711)
   defining Unicode char U+266A (decimal 9834)
   defining Unicode char U+27E8 (decimal 10216)
   defining Unicode char U+27E9 (decimal 10217)
   defining Unicode char U+FEFF (decimal 65279)
)
Now handling font encoding OMX ...
... no UTF-8 mapping file for font encoding OMX
Now handling font encoding U ...
... no UTF-8 mapping file for font encoding U
   defining Unicode char U+00A9 (decimal 169)
   defining Unicode char U+00AA (decimal 170)
   defining Unicode char U+00AE (decimal 174)
   defining Unicode char U+00BA (decimal 186)
   defining Unicode char U+02C6 (decimal 710)
   defining Unicode char U+02DC (decimal 732)
   defining Unicode char U+200C (decimal 8204)
   defining Unicode char U+2026 (decimal 8230)
   defining Unicode char U+2122 (decimal 8482)
   defining Unicode char U+2423 (decimal 9251)
   defining Unicode char U+FEFF (decimal 65279)
))) (C:\Users\domin\AppData\Local\Programs\MiKTeX\tex/latex/base\fontenc.sty
Package: fontenc 2025/07/18 v2.1d Standard LaTeX package
LaTeX Font Info:    Trying to load font information for T1+ptm on input line 11
6.
(C:\Users\domin\AppData\Local\Programs\MiKTeX\tex/latex/psnfss\t1ptm.fd
File: t1ptm.fd 2001/06/04 font definitions for T1/ptm.
)) (C:\Users\domin\AppData\Local\Programs\MiKTeX\tex/generic/babel\babel.sty
Package: babel 2025/12/11 v25.17 The multilingual framework for LuaLaTeX, pdfLa
TeX and XeLaTeX
\babel@savecnt=\count287
LaTeX Encoding Info:    Redeclaring text command \ij (encoding OT1) on input li
ne 2068.
LaTeX Encoding Info:    Redeclaring text command \IJ (encoding OT1) on input li
ne 2070.
LaTeX Encoding Info:    Redeclaring text command \ij (encoding T1) on input lin
e 2072.
LaTeX Encoding Info:    Redeclaring text command \IJ (encoding T1) on input lin
e 2073.
LaTeX Encoding Info:    Ignoring declaration for text command \ij (encoding ?) 
on input line 2074.
LaTeX Encoding Info:    Ignoring declaration for text command \IJ (encoding ?) 
on input line 2076.
LaTeX Encoding Info:    Ignoring declaration for text command \SS (encoding ?) 
on input line 2101.
\U@D=\dimen158
\l@unhyphenated=\language79
(C:\Users\domin\AppData\Local\Programs\MiKTeX\tex/generic/babel\txtbabel.def)
\bbl@readstream=\read2
\bbl@dirlevel=\count288
Package babel Info: Configuration files are deprecated, as
(babel)             they can break document portability.
(babel)             Reported on input line 4196.
*************************************
* Local config file bblopts.cfg used
*
(C:\Users\domin\AppData\Local\Programs\MiKTeX\tex/latex/arabi\bblopts.cfg
File: bblopts.cfg 2005/09/08 v0.1 add Arabic and Farsi to "declared" options of
 babel
)
(C:\Users\domin\AppData\Local\Programs\MiKTeX\tex/generic/babel/locale/pl\babel
-polish.tex)
Package babel Info: Importing font and identification data for polish
(babel)             from babel-pl.ini. Reported on input line 4320.

(C:\Users\domin\AppData\Local\Programs\MiKTeX\tex/latex/babel-polish\polish.ldf
Language: polish 2022/03/12 1.3 Babel support for Polish
Package babel Info: Making " an active character on input line 101.
)) (C:\Users\domin\AppData\Local\Programs\MiKTeX\tex/latex/lm\lmodern.sty
Package: lmodern 2015/05/01 v1.6.1 Latin Modern Fonts
LaTeX Font Info:    Overwriting symbol font `operators' in version `normal'
(Font)                  OT1/cmr/m/n --> OT1/lmr/m/n on input line 22.
LaTeX Font Info:    Overwriting symbol font `letters' in version `normal'
(Font)                  OML/cmm/m/it --> OML/lmm/m/it on input line 23.
LaTeX Font Info:    Overwriting symbol font `symbols' in version `normal'
(Font)                  OMS/cmsy/m/n --> OMS/lmsy/m/n on input line 24.
LaTeX Font Info:    Overwriting symbol font `largesymbols' in version `normal'
(Font)                  OMX/cmex/m/n --> OMX/lmex/m/n on input line 25.
LaTeX Font Info:    Overwriting symbol font `operators' in version `bold'
(Font)                  OT1/cmr/bx/n --> OT1/lmr/bx/n on input line 26.
LaTeX Font Info:    Overwriting symbol font `letters' in version `bold'
(Font)                  OML/cmm/b/it --> OML/lmm/b/it on input line 27.
LaTeX Font Info:    Overwriting symbol font `symbols' in version `bold'
(Font)                  OMS/cmsy/b/n --> OMS/lmsy/b/n on input line 28.
LaTeX Font Info:    Overwriting symbol font `largesymbols' in version `bold'
(Font)                  OMX/cmex/m/n --> OMX/lmex/m/n on input line 29.
LaTeX Font Info:    Overwriting math alphabet `\mathbf' in version `normal'
(Font)                  OT1/cmr/bx/n --> OT1/lmr/bx/n on input line 31.
LaTeX Font Info:    Overwriting math alphabet `\mathsf' in version `normal'
(Font)                  OT1/cmss/m/n --> OT1/lmss/m/n on input line 32.
LaTeX Font Info:    Overwriting math alphabet `\mathit' in version `normal'
(Font)                  OT1/cmr/m/it --> OT1/lmr/m/it on input line 33.
LaTeX Font Info:    Overwriting math alphabet `\mathtt' in version `normal'
(Font)                  OT1/cmtt/m/n --> OT1/lmtt/m/n on input line 34.
LaTeX Font Info:    Overwriting math alphabet `\mathbf' in version `bold'
(Font)                  OT1/cmr/bx/n --> OT1/lmr/bx/n on input line 35.
LaTeX Font Info:    Overwriting math alphabet `\mathsf' in version `bold'
(Font)                  OT1/cmss/bx/n --> OT1/lmss/bx/n on input line 36.
LaTeX Font Info:    Overwriting math alphabet `\mathit' in version `bold'
(Font)                  OT1/cmr/bx/it --> OT1/lmr/bx/it on input line 37.
LaTeX Font Info:    Overwriting math alphabet `\mathtt' in version `bold'
(Font)                  OT1/cmtt/m/n --> OT1/lmtt/m/n on input line 38.
) (C:\Users\domin\AppData\Local\Programs\MiKTeX\tex/latex/amsmath\amsmath.sty
Package: amsmath 2025/07/09 v2.17z AMS math features
\@mathmargin=\skip51
For additional information on amsmath, use the `?' option.
(C:\Users\domin\AppData\Local\Programs\MiKTeX\tex/latex/amsmath\amstext.sty
Package: amstext 2024/11/17 v2.01 AMS text
(C:\Users\domin\AppData\Local\Programs\MiKTeX\tex/latex/amsmath\amsgen.sty
File: amsgen.sty 1999/11/30 v2.0 generic functions
\@emptytoks=\toks21
\ex@=\dimen159
)) (C:\Users\domin\AppData\Local\Programs\MiKTeX\tex/latex/amsmath\amsbsy.sty
Package: amsbsy 1999/11/29 v1.2d Bold Symbols
\pmbraise@=\dimen160
) (C:\Users\domin\AppData\Local\Programs\MiKTeX\tex/latex/amsmath\amsopn.sty
Package: amsopn 2022/04/08 v2.04 operator names
)
\inf@bad=\count289
LaTeX Info: Redefining \frac on input line 233.
\uproot@=\count290
\leftroot@=\count291
LaTeX Info: Redefining \overline on input line 398.
LaTeX Info: Redefining \colon on input line 409.
\classnum@=\count292
\DOTSCASE@=\count293
LaTeX Info: Redefining \ldots on input line 495.
LaTeX Info: Redefining \dots on input line 498.
LaTeX Info: Redefining \cdots on input line 619.
\Mathstrutbox@=\box53
\strutbox@=\box54
LaTeX Info: Redefining \big on input line 721.
LaTeX Info: Redefining \Big on input line 722.
LaTeX Info: Redefining \bigg on input line 723.
LaTeX Info: Redefining \Bigg on input line 724.
\big@size=\dimen161
LaTeX Font Info:    Redeclaring font encoding OML on input line 742.
LaTeX Font Info:    Redeclaring font encoding OMS on input line 743.
\macc@depth=\count294
LaTeX Info: Redefining \bmod on input line 904.
LaTeX Info: Redefining \pmod on input line 909.
LaTeX Info: Redefining \smash on input line 939.
LaTeX Info: Redefining \relbar on input line 969.
LaTeX Info: Redefining \Relbar on input line 970.
\c@MaxMatrixCols=\count295
\dotsspace@=\muskip17
\c@parentequation=\count296
\dspbrk@lvl=\count297
\tag@help=\toks22
\row@=\count298
\column@=\count299
\maxfields@=\count300
\andhelp@=\toks23
\eqnshift@=\dimen162
\alignsep@=\dimen163
\tagshift@=\dimen164
\tagwidth@=\dimen165
\totwidth@=\dimen166
\lineht@=\dimen167
\@envbody=\toks24
\multlinegap=\skip52
\multlinetaggap=\skip53
\mathdisplay@stack=\toks25
LaTeX Info: Redefining \[ on input line 2950.
LaTeX Info: Redefining \] on input line 2951.
) (C:\Users\domin\AppData\Local\Programs\MiKTeX\tex/latex/amsfonts\amssymb.sty
Package: amssymb 2013/01/14 v3.01 AMS font symbols
(C:\Users\domin\AppData\Local\Programs\MiKTeX\tex/latex/amsfonts\amsfonts.sty
Package: amsfonts 2013/01/14 v3.01 Basic AMSFonts support
\symAMSa=\mathgroup4
\symAMSb=\mathgroup5
LaTeX Font Info:    Redeclaring math symbol \hbar on input line 98.
LaTeX Font Info:    Overwriting math alphabet `\mathfrak' in version `bold'
(Font)                  U/euf/m/n --> U/euf/b/n on input line 106.
)) (C:\Users\domin\AppData\Local\Programs\MiKTeX\tex/latex/tools\array.sty
Package: array 2025/09/25 v2.6n Tabular extension package (FMi)
\col@sep=\dimen168
\ar@mcellbox=\box55
\extrarowheight=\dimen169
\NC@list=\toks26
\extratabsurround=\skip54
\backup@length=\skip55
\ar@cellbox=\box56
) (C:\Users\domin\AppData\Local\Programs\MiKTeX\tex/latex/booktabs\booktabs.sty
Package: booktabs 2020/01/12 v1.61803398 Publication quality tables
\heavyrulewidth=\dimen170
\lightrulewidth=\dimen171
\cmidrulewidth=\dimen172
\belowrulesep=\dimen173
\belowbottomsep=\dimen174
\aboverulesep=\dimen175
\abovetopsep=\dimen176
\cmidrulesep=\dimen177
\cmidrulekern=\dimen178
\defaultaddspace=\dimen179
\@cmidla=\count301
\@cmidlb=\count302
\@aboverulesep=\dimen180
\@belowrulesep=\dimen181
\@thisruleclass=\count303
\@lastruleclass=\count304
\@thisrulewidth=\dimen182
) (C:\Users\domin\AppData\Local\Programs\MiKTeX\tex/latex/mdframed\mdframed.sty
Package: mdframed 2013/07/01 1.9b: mdframed

(C:\Users\domin\AppData\Local\Programs\MiKTeX\tex/latex/kvoptions\kvoptions.sty
Package: kvoptions 2022-06-15 v3.15 Key value format for package options (HO)
(C:\Users\domin\AppData\Local\Programs\MiKTeX\tex/generic/ltxcmds\ltxcmds.sty
Package: ltxcmds 2023-12-04 v1.26 LaTeX kernel commands for general use (HO)
)
(C:\Users\domin\AppData\Local\Programs\MiKTeX\tex/latex/kvsetkeys\kvsetkeys.sty
Package: kvsetkeys 2022-10-05 v1.19 Key value parser (HO)
))
(C:\Users\domin\AppData\Local\Programs\MiKTeX\tex/latex/l3packages/xparse\xpars
e.sty (C:\Users\domin\AppData\Local\Programs\MiKTeX\tex/latex/l3kernel\expl3.st
y
Package: expl3 2025-12-24 L3 programming layer (loader) 

(C:\Users\domin\AppData\Local\Programs\MiKTeX\tex/latex/l3backend\l3backend-dvi
ps.def
File: l3backend-dvips.def 2025-10-09 L3 backend support: dvips
\l__pdfannot_backend_content_box=\box57
\l__pdfannot_backend_model_box=\box58
\g__pdfannot_backend_int=\count305
\g__pdfannot_backend_link_int=\count306
\g__pdfannot_backend_link_sf_int=\count307
))
Package: xparse 2025-10-09 L3 Experimental document command parser
) (C:\Users\domin\AppData\Local\Programs\MiKTeX\tex/latex/etoolbox\etoolbox.sty
Package: etoolbox 2025/10/02 v2.5m e-TeX tools for LaTeX (JAW)
\etb@tempcnta=\count308
) (C:\Users\domin\AppData\Local\Programs\MiKTeX\tex/latex/zref\zref-abspage.sty
Package: zref-abspage 2026-03-07 v2.37 Module abspage for zref (HO)
(C:\Users\domin\AppData\Local\Programs\MiKTeX\tex/latex/zref\zref-base.sty
Package: zref-base 2026-03-07 v2.37 Module base for zref (HO)

(C:\Users\domin\AppData\Local\Programs\MiKTeX\tex/generic/infwarerr\infwarerr.s
ty
Package: infwarerr 2019/12/03 v1.5 Providing info/warning/error messages (HO)
)
(C:\Users\domin\AppData\Local\Programs\MiKTeX\tex/generic/kvdefinekeys\kvdefine
keys.sty
Package: kvdefinekeys 2019-12-19 v1.6 Define keys (HO)
)
(C:\Users\domin\AppData\Local\Programs\MiKTeX\tex/generic/pdftexcmds\pdftexcmds
.sty
Package: pdftexcmds 2020-06-27 v0.33 Utility functions of pdfTeX for LuaTeX (HO
)
Package pdftexcmds Info: \pdf@primitive is available.
Package pdftexcmds Info: \pdf@ifprimitive is available.
Package pdftexcmds Info: \pdfdraftmode is ignored in DVI mode.
)
(C:\Users\domin\AppData\Local\Programs\MiKTeX\tex/generic/etexcmds\etexcmds.sty
Package: etexcmds 2019/12/15 v1.7 Avoid name clashes with e-TeX commands (HO)
) (C:\Users\domin\AppData\Local\Programs\MiKTeX\tex/latex/auxhook\auxhook.sty
Package: auxhook 2019-12-17 v1.6 Hooks for auxiliary files (HO)
)
Package zref Info: New property list: main on input line 767.
Package zref Info: New property: default on input line 768.
Package zref Info: New property: page on input line 769.
)
\c@abspage=\count309
Package zref Info: New property: abspage on input line 67.
)
(C:\Users\domin\AppData\Local\Programs\MiKTeX\tex/latex/needspace\needspace.sty
Package: needspace 2025/03/13 v1.3e reserve vertical space
) (C:\Users\domin\AppData\Local\Programs\MiKTeX\tex/latex/graphics\color.sty
Package: color 2025/01/14 v1.3e Standard LaTeX Color (DPC)
(C:\Users\domin\AppData\Local\Programs\MiKTeX\tex/latex/graphics-cfg\color.cfg
File: color.cfg 2016/01/02 v1.6 sample color configuration
)
Package color Info: Driver file: dvips.def on input line 149.
(C:\Users\domin\AppData\Local\Programs\MiKTeX\tex/latex/graphics-def\dvips.def
File: dvips.def 2025/01/21 v3.2a Graphics/color driver for dvips
) (C:\Users\domin\AppData\Local\Programs\MiKTeX\tex/latex/graphics\dvipsnam.def
File: dvipsnam.def 2016/06/17 v3.0m Driver-dependent file (DPC,SPQR)
) (C:\Users\domin\AppData\Local\Programs\MiKTeX\tex/latex/graphics\mathcolor.lt
x))
\mdf@templength=\skip56
\c@mdf@globalstyle@cnt=\count310
\mdf@skipabove@length=\skip57
\mdf@skipbelow@length=\skip58
\mdf@leftmargin@length=\skip59
\mdf@rightmargin@length=\skip60
\mdf@innerleftmargin@length=\skip61
\mdf@innerrightmargin@length=\skip62
\mdf@innertopmargin@length=\skip63
\mdf@innerbottommargin@length=\skip64
\mdf@splittopskip@length=\skip65
\mdf@splitbottomskip@length=\skip66
\mdf@outermargin@length=\skip67
\mdf@innermargin@length=\skip68
\mdf@linewidth@length=\skip69
\mdf@innerlinewidth@length=\skip70
\mdf@middlelinewidth@length=\skip71
\mdf@outerlinewidth@length=\skip72
\mdf@roundcorner@length=\skip73
\mdf@footenotedistance@length=\skip74
\mdf@userdefinedwidth@length=\skip75
\mdf@needspace@length=\skip76
\mdf@frametitleaboveskip@length=\skip77
\mdf@frametitlebelowskip@length=\skip78
\mdf@frametitlerulewidth@length=\skip79
\mdf@frametitleleftmargin@length=\skip80
\mdf@frametitlerightmargin@length=\skip81
\mdf@shadowsize@length=\skip82
\mdf@extratopheight@length=\skip83
\mdf@subtitleabovelinewidth@length=\skip84
\mdf@subtitlebelowlinewidth@length=\skip85
\mdf@subtitleaboveskip@length=\skip86
\mdf@subtitlebelowskip@length=\skip87
\mdf@subtitleinneraboveskip@length=\skip88
\mdf@subtitleinnerbelowskip@length=\skip89
\mdf@subsubtitleabovelinewidth@length=\skip90
\mdf@subsubtitlebelowlinewidth@length=\skip91
\mdf@subsubtitleaboveskip@length=\skip92
\mdf@subsubtitlebelowskip@length=\skip93
\mdf@subsubtitleinneraboveskip@length=\skip94
\mdf@subsubtitleinnerbelowskip@length=\skip95

(C:\Users\domin\AppData\Local\Programs\MiKTeX\tex/latex/mdframed\md-frame-0.mdf
File: md-frame-0.mdf 2013/07/01\ 1.9b: md-frame-0
)
\mdf@frametitlebox=\box59
\mdf@footnotebox=\box60
\mdf@splitbox@one=\box61
\mdf@splitbox@two=\box62
\mdf@splitbox@save=\box63
\mdfsplitboxwidth=\skip96
\mdfsplitboxtotalwidth=\skip97
\mdfsplitboxheight=\skip98
\mdfsplitboxdepth=\skip99
\mdfsplitboxtotalheight=\skip100
\mdfframetitleboxwidth=\skip101
\mdfframetitleboxtotalwidth=\skip102
\mdfframetitleboxheight=\skip103
\mdfframetitleboxdepth=\skip104
\mdfframetitleboxtotalheight=\skip105
\mdffootnoteboxwidth=\skip106
\mdffootnoteboxtotalwidth=\skip107
\mdffootnoteboxheight=\skip108
\mdffootnoteboxdepth=\skip109
\mdffootnoteboxtotalheight=\skip110
\mdftotallinewidth=\skip111
\mdfboundingboxwidth=\skip112
\mdfboundingboxtotalwidth=\skip113
\mdfboundingboxheight=\skip114
\mdfboundingboxdepth=\skip115
\mdfboundingboxtotalheight=\skip116
\mdf@freevspace@length=\skip117
\mdf@horizontalwidthofbox@length=\skip118
\mdf@verticalmarginwhole@length=\skip119
\mdf@horizontalspaceofbox=\skip120
\mdfsubtitleheight=\skip121
\mdfsubsubtitleheight=\skip122
\c@mdfcountframes=\count311

****** mdframed patching \endmdf@trivlist

****** -- success******

\mdf@envdepth=\count312
\c@mdf@env@i=\count313
\c@mdf@env@ii=\count314
\c@mdf@zref@counter=\count315
Package zref Info: New property: mdf@pagevalue on input line 895.
) (C:\Users\domin\AppData\Local\Programs\MiKTeX\tex/latex/setspace\setspace.sty
Package: setspace 2022/12/04 v6.7b set line spacing
) (C:\Users\domin\AppData\Local\Programs\MiKTeX\tex/latex/titlesec\titlesec.sty
Package: titlesec 2025/01/04 v2.17 Sectioning titles
\ttl@box=\box64
\beforetitleunit=\skip123
\aftertitleunit=\skip124
\ttl@plus=\dimen183
\ttl@minus=\dimen184
\ttl@toksa=\toks27
\titlewidth=\dimen185
\titlewidthlast=\dimen186
\titlewidthfirst=\dimen187

Package titlesec Warning: Non standard sectioning command \section
(titlesec)                detected. Using default spacing and no format.


Package titlesec Warning: Non standard sectioning command \subsection
(titlesec)                detected. Using default spacing and no format.


Package titlesec Warning: Non standard sectioning command \subsubsection
(titlesec)                detected. Using default spacing and no format.


Package titlesec Warning: Non standard sectioning command \paragraph
(titlesec)                detected. Using default spacing and no format.


Package titlesec Warning: Non standard sectioning command \subparagraph
(titlesec)                detected. Using default spacing and no format.

) (C:\Users\domin\AppData\Local\Programs\MiKTeX\tex/latex/appendix\appendix.sty
Package: appendix 2020/02/08 v1.2c extra appendix facilities
\c@@pps=\count316
\c@@ppsavesec=\count317
\c@@ppsaveapp=\count318
) (C:\Users\domin\AppData\Local\Programs\MiKTeX\tex/latex/oberdiek\bmpsize.sty
Package: bmpsize 2019/12/29 v1.8 Extract size/resolution from bitmap files (HO)

(C:\Users\domin\AppData\Local\Programs\MiKTeX\tex/latex/graphics\graphics.sty
Package: graphics 2024/08/06 v1.4g Standard LaTeX Graphics (DPC,SPQR)
(C:\Users\domin\AppData\Local\Programs\MiKTeX\tex/latex/graphics\trig.sty
Package: trig 2023/12/02 v1.11 sin cos tan (DPC)
)
(C:\Users\domin\AppData\Local\Programs\MiKTeX\tex/latex/graphics-cfg\graphics.c
fg
File: graphics.cfg 2016/06/04 v1.11 sample graphics configuration
)
Package graphics Info: Driver file: dvips.def on input line 106.
)
(C:\Users\domin\AppData\Local\Programs\MiKTeX\tex/latex/oberdiek\bmpsize-base.s
ty
Package: bmpsize-base 2019/12/29 v1.8 Basic part of bmpsize (HO)
(C:\Users\domin\AppData\Local\Programs\MiKTeX\tex/latex/fp\fp-basic.sty
Package: fp-basic 1996/05/13

`Basic Fixed Point Arithmetic',  Version 1.2d (C) Michael Mehlich             
\FP@xs=\count319
\FP@xia=\count320
\FP@xib=\count321
\FP@xfa=\count322
\FP@xfb=\count323
\FP@rega=\count324
\FP@regb=\count325
\FP@regs=\count326
\FP@times=\count327
) (C:\Users\domin\AppData\Local\Programs\MiKTeX\tex/latex/fp\fp-snap.sty
Package: fp-snap 1995/04/05

`Fixed Point Snap Off',          Version 1.0a (C) Michael Mehlich             )
)
(C:\Users\domin\AppData\Local\Programs\MiKTeX\tex/latex/oberdiek\bmpsize-dvips.
def
File: bmpsize-dvips.def 2019/12/29 v1.8 Graphics bitmap driver for dvips (HO)
)) (C:\Users\domin\AppData\Local\Programs\MiKTeX\tex/latex/graphics\epsfig.sty
Package: epsfig 2024/01/14 v1.7b (e)psfig emulation (SPQR)
(C:\Users\domin\AppData\Local\Programs\MiKTeX\tex/latex/graphics\graphicx.sty
Package: graphicx 2024/12/31 v1.2e Enhanced LaTeX Graphics (DPC,SPQR)
\Gin@req@height=\dimen188
\Gin@req@width=\dimen189
)
\epsfxsize=\dimen190
\epsfysize=\dimen191
) (C:\Users\domin\AppData\Local\Programs\MiKTeX\tex/latex/pstricks\pstricks.sty
Package: pstricks 2024/02/02 v0.75 LaTeX wrapper for `PSTricks' (RN,HV)
(C:\Users\domin\AppData\Local\Programs\MiKTeX\tex/latex/xcolor\xcolor.sty
Package: xcolor 2024/09/29 v3.02 LaTeX color extensions (UK)
(C:\Users\domin\AppData\Local\Programs\MiKTeX\tex/latex/graphics-cfg\color.cfg
File: color.cfg 2016/01/02 v1.6 sample color configuration
)
Package xcolor Info: Driver file: dvips.def on input line 274.
LaTeX Info: Redefining \color on input line 762.
(C:\Users\domin\AppData\Local\Programs\MiKTeX\tex/latex/graphics\mathcolor.ltx)
Package xcolor Info: Model `cmy' substituted by `cmy0' on input line 1349.
Package xcolor Info: Model `RGB' extended on input line 1365.
Package xcolor Info: Model `HTML' substituted by `rgb' on input line 1367.
Package xcolor Info: Model `Hsb' substituted by `hsb' on input line 1368.
Package xcolor Info: Model `tHsb' substituted by `hsb' on input line 1369.
Package xcolor Info: Model `HSB' substituted by `hsb' on input line 1370.
Package xcolor Info: Model `Gray' substituted by `gray' on input line 1371.
Package xcolor Info: Model `wave' substituted by `hsb' on input line 1372.
) (C:\Users\domin\AppData\Local\Programs\MiKTeX\tex/generic/xkeyval\pst-xkey.te
x
File: pst-xkey.tex 2005/11/25 v1.6 PSTricks specialization of xkeyval (HA)
(C:\Users\domin\AppData\Local\Programs\MiKTeX\tex/latex/xkeyval\xkeyval.sty
Package: xkeyval 2022/06/16 v2.9 package option processing (HA)
(C:\Users\domin\AppData\Local\Programs\MiKTeX\tex/generic/xkeyval\xkeyval.tex (
C:\Users\domin\AppData\Local\Programs\MiKTeX\tex/generic/xkeyval\xkvutils.tex
\XKV@toks=\toks28
\XKV@tempa@toks=\toks29
)
\XKV@depth=\count328
File: xkeyval.tex 2014/12/03 v2.7a key=value parser (HA)
)))
(C:\Users\domin\AppData\Local\Programs\MiKTeX\tex/generic/pstricks\pstricks.tex
(C:\Users\domin\AppData\Local\Programs\MiKTeX\tex/generic/pstricks\pst-fp.tex `
pst-fp' v0.06, 2020/11/20 (hv)
\pstFP@xs=\count329
\pstFP@xia=\count330
\pstFP@xib=\count331
\pstFP@xfa=\count332
\pstFP@xfb=\count333
\pstFP@rega=\count334
\pstFP@regb=\count335
\pstFP@regs=\count336
\pstFP@times=\count337
)
(C:\Users\domin\AppData\Local\Programs\MiKTeX\tex/latex/pgf/utilities\pgffor.st
y
(C:\Users\domin\AppData\Local\Programs\MiKTeX\tex/latex/pgf/utilities\pgfrcs.st
y
(C:\Users\domin\AppData\Local\Programs\MiKTeX\tex/generic/pgf/utilities\pgfutil
-common.tex
\pgfutil@everybye=\toks30
\pgfutil@tempdima=\dimen192
\pgfutil@tempdimb=\dimen193
)
(C:\Users\domin\AppData\Local\Programs\MiKTeX\tex/generic/pgf/utilities\pgfutil
-latex.def
\pgfutil@abb=\box65
)
(C:\Users\domin\AppData\Local\Programs\MiKTeX\tex/generic/pgf/utilities\pgfrcs.
code.tex (C:\Users\domin\AppData\Local\Programs\MiKTeX\tex/generic/pgf\pgf.revi
sion.tex)
Package: pgfrcs 2025-08-29 v3.1.11a (3.1.11a)
))
(C:\Users\domin\AppData\Local\Programs\MiKTeX\tex/latex/pgf/utilities\pgfkeys.s
ty
(C:\Users\domin\AppData\Local\Programs\MiKTeX\tex/generic/pgf/utilities\pgfkeys
.code.tex
\pgfkeys@pathtoks=\toks31
\pgfkeys@temptoks=\toks32

(C:\Users\domin\AppData\Local\Programs\MiKTeX\tex/generic/pgf/utilities\pgfkeys
libraryfiltered.code.tex
\pgfkeys@tmptoks=\toks33
))) (C:\Users\domin\AppData\Local\Programs\MiKTeX\tex/latex/pgf/math\pgfmath.st
y
(C:\Users\domin\AppData\Local\Programs\MiKTeX\tex/generic/pgf/math\pgfmath.code
.tex
(C:\Users\domin\AppData\Local\Programs\MiKTeX\tex/generic/pgf/math\pgfmathutil.
code.tex
\pgf@x=\dimen194
\pgf@xa=\dimen195
\pgf@xb=\dimen196
\pgf@xc=\dimen197
\pgf@y=\dimen198
\pgf@ya=\dimen199
\pgf@yb=\dimen256
\pgf@yc=\dimen257
\c@pgf@counta=\count338
\c@pgf@countb=\count339
\c@pgf@countc=\count340
\c@pgf@countd=\count341
)
(C:\Users\domin\AppData\Local\Programs\MiKTeX\tex/generic/pgf/math\pgfmathparse
r.code.tex
\pgfmath@dimen=\dimen258
\pgfmath@count=\count342
\pgfmath@box=\box66
\pgfmath@toks=\toks34
\pgfmath@stack@operand=\toks35
\pgfmath@stack@operation=\toks36
)
(C:\Users\domin\AppData\Local\Programs\MiKTeX\tex/generic/pgf/math\pgfmathfunct
ions.code.tex)
(C:\Users\domin\AppData\Local\Programs\MiKTeX\tex/generic/pgf/math\pgfmathfunct
ions.basic.code.tex)
(C:\Users\domin\AppData\Local\Programs\MiKTeX\tex/generic/pgf/math\pgfmathfunct
ions.trigonometric.code.tex)
(C:\Users\domin\AppData\Local\Programs\MiKTeX\tex/generic/pgf/math\pgfmathfunct
ions.random.code.tex)
(C:\Users\domin\AppData\Local\Programs\MiKTeX\tex/generic/pgf/math\pgfmathfunct
ions.comparison.code.tex)
(C:\Users\domin\AppData\Local\Programs\MiKTeX\tex/generic/pgf/math\pgfmathfunct
ions.base.code.tex)
(C:\Users\domin\AppData\Local\Programs\MiKTeX\tex/generic/pgf/math\pgfmathfunct
ions.round.code.tex)
(C:\Users\domin\AppData\Local\Programs\MiKTeX\tex/generic/pgf/math\pgfmathfunct
ions.misc.code.tex)
(C:\Users\domin\AppData\Local\Programs\MiKTeX\tex/generic/pgf/math\pgfmathfunct
ions.integerarithmetics.code.tex)
(C:\Users\domin\AppData\Local\Programs\MiKTeX\tex/generic/pgf/math\pgfmathcalc.
code.tex)
(C:\Users\domin\AppData\Local\Programs\MiKTeX\tex/generic/pgf/math\pgfmathfloat
.code.tex
\c@pgfmathroundto@lastzeros=\count343
)))
(C:\Users\domin\AppData\Local\Programs\MiKTeX\tex/generic/pgf/utilities\pgffor.
code.tex
Package: pgffor 2025-08-29 v3.1.11a (3.1.11a)
\pgffor@iter=\dimen259
\pgffor@skip=\dimen260
\pgffor@stack=\toks37
\pgffor@toks=\toks38
))
\psLoopIndex=\count344
`PSTricks' v3.22A  <2025/12/13> (tvz,hv)
\pst@dima=\dimen261
\pst@dimb=\dimen262
\pst@dimc=\dimen263
\pst@dimd=\dimen264
\pst@dimg=\dimen265
\pst@dimh=\dimen266
\pst@dimm=\dimen267
\pst@dimn=\dimen268
\pst@dimo=\dimen269
\pst@dimp=\dimen270
\pst@hbox=\box67
\pst@ibox=\box68
\pst@boxg=\box69
\pst@cnta=\count345
\pst@cntb=\count346
\pst@cntc=\count347
\pst@cntd=\count348
\pst@cntg=\count349
\pst@cnth=\count350
\pst@cntm=\count351
\pst@cntn=\count352
\pst@cnto=\count353
\pst@cntp=\count354
\@zero=\count355
\pst@toks=\toks39
--- We are running latex or xelatex ---

(C:\Users\domin\AppData\Local\Programs\MiKTeX\tex/generic/pstricks\pstricks.con
)
(C:\Users\domin\AppData\Local\Programs\MiKTeX\tex/generic/pstricks\pstricks-col
or.tex)
\psunit=\dimen271
\psxunit=\dimen272
\psyunit=\dimen273
\pst@C@@rType=\count356
\pslinewidth=\dimen274
\psk@startLW=\dimen275
\psk@endLW=\dimen276

(C:\Users\domin\AppData\Local\Programs\MiKTeX\tex/generic/pstricks\pstricks-arr
ows.tex
\pshooklength=\dimen277
\pshookwidth=\dimen278
)
\pst@customdefs=\toks40

(C:\Users\domin\AppData\Local\Programs\MiKTeX\tex/generic/pstricks\pstricks-dot
s.tex)
\pslinearc=\dimen279
\pst@symbolStep=\dimen280
\pst@symbolWidth=\dimen281
\pst@symbolLinewidth=\dimen282

(C:\Users\domin\AppData\Local\Programs\MiKTeX\tex/generic/pstricks\pst-code-gri
d.tex)
(C:\Users\domin\AppData\Local\Programs\MiKTeX\tex/generic/pstricks\pst-code-box
.tex
\everypsbox=\toks41
\psframesep=\dimen283
)
(C:\Users\domin\AppData\Local\Programs\MiKTeX\tex/generic/pstricks\pst-code-arc
.tex)
(C:\Users\domin\AppData\Local\Programs\MiKTeX\tex/generic/pstricks\pst-code-cir
cle_ellipse.tex)
(C:\Users\domin\AppData\Local\Programs\MiKTeX\tex/generic/pstricks\pst-code-ref
_rot.tex)
(C:\Users\domin\AppData\Local\Programs\MiKTeX\tex/generic/pstricks\pst-code-put
.tex
\pslabelsep=\dimen284
)
(C:\Users\domin\AppData\Local\Programs\MiKTeX\tex/generic/pstricks\pst-code-psp
icture.tex
\sh@wgridXunit=\dimen285
\sh@wgridYunit=\dimen286
\pst@shift=\dimen287
\ps@imagectr=\count357
)
(C:\Users\domin\AppData\Local\Programs\MiKTeX\tex/generic/pstricks\pstricks.con
))
File: pstricks.tex 2025/12/13 v3.22A `PSTricks' (tvz,hv)
(C:\Users\domin\AppData\Local\Programs\MiKTeX\tex/generic/pstricks\pst-fp.tex `
pst-fp' v0.06, 2020/11/20 (hv))
File: pst-fp.tex 2020/11/20 v0.06 `PST-fp' (hv)
) (C:\Users\domin\AppData\Local\Programs\MiKTeX\tex/latex/pstricks\pst-all.sty
Package: pst-all 2008/01/01 the main pstricks tools
(C:\Users\domin\AppData\Local\Programs\MiKTeX\tex/latex/pst-plot\pst-plot.sty
Package: pst-plot 2011/06/05 v1.00 LaTeX wrapper for `pst-plot' (HV)
(C:\Users\domin\AppData\Local\Programs\MiKTeX\tex/latex/xkeyval\pst-xkey.sty
Package: pst-xkey 2005/11/25 v1.6 package wrapper for pst-xkey.tex (HA)
) (C:\Users\domin\AppData\Local\Programs\MiKTeX\tex/latex/multido\multido.sty
Package: multido 2004/05/17 package wrapper for PSTricks `multido.tex', (HV/RN)

(C:\Users\domin\AppData\Local\Programs\MiKTeX\tex/generic/multido\multido.tex  
v1.42, 2010/05/14 <tvz>
\multido@count=\count358
\multidocount=\count359
\multido@stuff=\toks42
)
File: multido.tex 2010/05/14 v1.42 `multido' (tvz,hv)
)
Package: pst-plot 2021/09/23 package wrapper for pst-plot.tex (hv)

(C:\Users\domin\AppData\Local\Programs\MiKTeX\tex/generic/pst-plot\pst-plot.tex

(C:\Users\domin\AppData\Local\Programs\MiKTeX\tex/generic/pst-tools\pst-tools.t
ex `PST-tools' v0.12, 2021/09/23 (hv)
\randomi=\count360
\ranval=\count361
)
(C:\Users\domin\AppData\Local\Programs\MiKTeX\tex/generic/pstricks-add\pstricks
-add.tex
(C:\Users\domin\AppData\Local\Programs\MiKTeX\tex/generic/pst-node\pst-node.tex
 v1.44, 2024/07/04
\psrow=\count362
\pscol=\count363
\psmatrixcnt=\count364
\psrowsep=\skip125
\pscolsep=\skip126
\pst@args=\count365
\num@pts=\count366
\pst@argcnt=\count367
)
(C:\Users\domin\AppData\Local\Programs\MiKTeX\tex/generic/pst-arrow\pst-arrow.t
ex `pst-arrow' v0.05, 2021/11/16 (dr,hv)) (C:\Users\domin\AppData\Local\Program
s\MiKTeX\tex/generic/pst-3d\pst-3d.tex `PST-3d' v1.11, 2010/02/14 (tvz))
(C:\Users\domin\AppData\Local\Programs\MiKTeX\tex/generic/pst-math\pst-math.tex
`pst-math' v0.67 , (CJ,hv)) `pstricks-add' v3.94, 2023/04/17 (dr,hv)
\psparallelogramsep=\dimen288
\pst@cntC=\count368
\pst@stepcount=\count369
\chart@ColorIndex=\dimen289
\chart@ColorStep=\dimen290
\pst@chartHeight=\dimen291
\pst@chartStackDepth=\dimen292
\pst@chartStackWidth=\dimen293
\chart@Toggle=\count370
\psVectorCtr=\count371
)  v1.94, 2022/11/21 (tvz,hv)
\pstRadUnit=\dimen294
\pstRadUnitInv=\dimen295
\pst@linecnt=\count372
\RCD@file=\read3
\psxlabelsep=\dimen296
\psylabelsep=\dimen297
\psk@subticksize=\dimen298
\pst@xticksizeA=\dimen299
\pst@xticksizeB=\dimen300
\pst@xticksizeC=\dimen301
\pst@yticksizeA=\dimen302
\pst@yticksizeB=\dimen303
\pst@yticksizeC=\dimen304
\@digitcounter=\count373
\psk@llx=\dimen305
\psk@lly=\dimen306
\psk@urx=\dimen307
\psk@ury=\dimen308
\pst@xunit=\dimen309
\pst@yunit=\dimen310
)
File: pst-plot.tex 2022/11/21 1.94 `pst-plot' (tvz,hv)
) (C:\Users\domin\AppData\Local\Programs\MiKTeX\tex/latex/pst-node\pst-node.sty
Package: pst-node 2012/09/18 v1.01 LaTeX wrapper for `pst-node' (HV)
Package: pst-node 2010/04/22 package wrapper for pst-node.tex

(C:\Users\domin\AppData\Local\Programs\MiKTeX\tex/generic/pst-node\pst-node.tex
)
File: pst-node.tex 2022/11/21 1.94 `pst-node' (tvz,hv)
) (C:\Users\domin\AppData\Local\Programs\MiKTeX\tex/latex/pst-tree\pst-tree.sty
Package: pst-tree 2009/01/25 package wrapper for pst-tree.tex

(C:\Users\domin\AppData\Local\Programs\MiKTeX\tex/generic/pst-tree\pst-tree.tex
 v1.14, 2021/09/04(tvz,dg,hv)
\pstree@rootbox=\box70
\pstree@box=\box71
\psnodecnt=\count374
\pstreelevel=\count375
\pstreecnt=\count376
\pstree@cnt=\count377
\pstree@stop=\count378
)
File: pst-tree.tex 2021/09/04 1.14 `pst-tree' (tvz,hv)
) (C:\Users\domin\AppData\Local\Programs\MiKTeX\tex/latex/pst-grad\pst-grad.sty
Package: pst-grad 2004/07/15 package wrapper for pst-grad.tex (hv)

(C:\Users\domin\AppData\Local\Programs\MiKTeX\tex/generic/pst-grad\pst-grad.tex
`pst-grad' v1.06, 2006/11/27 (tvz,dg,hv))
File: pst-grad.tex 2006/11/27 1.06 `pst-grad' (tvz)
) (C:\Users\domin\AppData\Local\Programs\MiKTeX\tex/latex/pst-coil\pst-coil.sty
Package: pst-coil 2010/02/01 package wrapper for pst-coil.tex (hv)

(C:\Users\domin\AppData\Local\Programs\MiKTeX\tex/generic/pst-coil\pst-coil.tex
 v1.06, 2006/11/27
(C:\Users\domin\AppData\Local\Programs\MiKTeX\tex/generic/pst-node\pst-node.tex
))
File: pst-coil.tex 2024/08/13 v1.08 `PST-coil' (tvz,hv)
) (C:\Users\domin\AppData\Local\Programs\MiKTeX\tex/latex/pst-text\pst-text.sty
Package: pst-text 2018/12/28 package wrapper for pst-text.tex (hv)

(C:\Users\domin\AppData\Local\Programs\MiKTeX\tex/generic/pst-text\pst-text.tex
 v1.01, 2018/12/22(tvz,hv))
File: pst-text.tex 2018/12/22 1.01 `pst-text' (tvz)
) (C:\Users\domin\AppData\Local\Programs\MiKTeX\tex/latex/pst-3d\pst-3d.sty
Package: pst-3d 2009/07/28 package wrapper for pst-3d.tex (hv)
(C:\Users\domin\AppData\Local\Programs\MiKTeX\tex/generic/pst-3d\pst-3d.tex)
File: pst-3d.tex 2018/12/22 v1.01 `PST-3d' (hv)
) (C:\Users\domin\AppData\Local\Programs\MiKTeX\tex/latex/pst-eps\pst-eps.sty
Package: pst-eps 2005/05/20 package wrapper for pst-eps.tex (hv)
(C:\Users\domin\AppData\Local\Programs\MiKTeX\tex/generic/pst-eps\pst-eps.tex  
v1.00, 2006/11/04
\pst@epsout=\write3
\pst@tempout=\write4
)
File: pst-eps.tex 2006/11/04 1.00 `pst-eps' (tvz)
) (C:\Users\domin\AppData\Local\Programs\MiKTeX\tex/latex/pst-fill\pst-fill.sty
Package: pst-fill 2010/03/20 package wrapper for pst-fill.tex (hv)

(C:\Users\domin\AppData\Local\Programs\MiKTeX\tex/generic/pst-fill\pst-fill.tex
`PST-Fill' v1.02, 2021/10/01 (tvz,dg,hv)
\pst@fillbox=\box72
)
File: pst-fill.tex 2021/10/01 v1.02 `PST-fill' (tvz,dg,hv)
)
(C:\Users\domin\AppData\Local\Programs\MiKTeX\tex/latex/pstricks-add\pstricks-a
dd.sty (C:\Users\domin\AppData\Local\Programs\MiKTeX\tex/latex/pst-math\pst-mat
h.sty
Package: pst-math 2023/07/03 v 0.67 package wrapper for PSTricks pst-math.tex

(C:\Users\domin\AppData\Local\Programs\MiKTeX\tex/latex/pst-calculate\pst-calcu
late.sty
Package: pst-calculate 2019/01/24 v. 0.02(Herbert Voss) Support for caculations
 with floating point numbers.
(C:\Users\domin\AppData\Local\Programs\MiKTeX\tex/latex/siunitx\siunitx.sty
Package: siunitx 2026-05-15 v3.5.5 A comprehensive (SI) units package
\l__siunitx_number_uncert_offset_int=\count379
\l__siunitx_number_exponent_fixed_int=\count380
\l__siunitx_number_min_decimal_int=\count381
\l__siunitx_number_min_integer_int=\count382
\l__siunitx_number_round_precision_int=\count383
\l__siunitx_number_lower_threshold_int=\count384
\l__siunitx_number_upper_threshold_int=\count385
\l__siunitx_number_group_first_int=\count386
\l__siunitx_number_group_size_int=\count387
\l__siunitx_number_group_min_int=\count388
\l__siunitx_number_group_minimum_int=\count389
\l__siunitx_compound_count_int=\count390

(C:\Users\domin\AppData\Local\Programs\MiKTeX\tex/latex/translations\translatio
ns.sty
Package: translations 2022/02/05 v1.12 internationalization of LaTeX2e packages
 (CN)
)
\l__siunitx_table_tmp_box=\box73
\l__siunitx_table_tmp_dim=\dimen311
\l__siunitx_table_column_width_dim=\dimen312
\l__siunitx_table_integer_box=\box74
\l__siunitx_table_decimal_box=\box75
\l__siunitx_table_uncert_box=\box76
\l__siunitx_table_before_box=\box77
\l__siunitx_table_after_box=\box78
\l__siunitx_table_before_dim=\dimen313
\l__siunitx_table_carry_dim=\dimen314
\l__siunitx_unit_tmp_int=\count391
\l__siunitx_unit_position_int=\count392
\l__siunitx_unit_total_int=\count393
\l__siunitx_sexagesimal_tmp_dim=\dimen315
\l__siunitx_sexagesimal_marker_box=\box79
\l__siunitx_sexagesimal_unit_box=\box80
)) (C:\Users\domin\AppData\Local\Programs\MiKTeX\tex/generic/iftex\ifluatex.sty
Package: ifluatex 2019/10/25 v1.5 ifluatex legacy package. Use iftex instead.
) (C:\Users\domin\AppData\Local\Programs\MiKTeX\tex/latex/xstring\xstring.sty (
C:\Users\domin\AppData\Local\Programs\MiKTeX\tex/generic/xstring\xstring.tex
\xs_counta=\count394
\xs_countb=\count395
)
Package: xstring 2023/08/22 v1.86 String manipulations (CT)
)
(C:\Users\domin\AppData\Local\Programs\MiKTeX\tex/generic/pst-math\pst-math.tex
)
File: pst-math.tex 2021/10/01 v1.02 `PST-math' (hv)
\c@Rand@No=\count396
\c@Random@Left=\count397
\c@Random@Right=\count398
\c@Random@No@max=\count399
)
Package: pstricks-add 2021/09/10 v. 0.17 package wrapper for pstricks-add.tex (
hv)

(C:\Users\domin\AppData\Local\Programs\MiKTeX\tex/generic/pstricks-add\pstricks
-add.tex)
File: pstricks-add.tex 2021/10/01 v1.02 `PSTricks-add' (hv)
))
(C:\Users\domin\AppData\Local\Programs\MiKTeX\tex/latex/frankenstein\moredefs.s
ty
Package: moredefs 2001/08/31 v1.8 more defining commands (Frankenstein's brain)

\sc@toks@a=\toks43
\sc@toks@b=\toks44
) (C:\Users\domin\AppData\Local\Programs\MiKTeX\tex/latex/svg\svg.sty
Package: svg 2020/11/26 v2.02k (include SVG pictures)

(C:\Users\domin\AppData\Local\Programs\MiKTeX\tex/latex/koma-script\scrbase.sty
Package: scrbase 2026/02/02 v3.49.2 KOMA-Script package (KOMA-Script-independen
t basics and keyval usage)

(C:\Users\domin\AppData\Local\Programs\MiKTeX\tex/latex/koma-script\scrlfile.st
y
Package: scrlfile 2026/02/02 v3.49.2 KOMA-Script package (file load hooks)

(C:\Users\domin\AppData\Local\Programs\MiKTeX\tex/latex/koma-script\scrlfile-ho
ok.sty
Package: scrlfile-hook 2026/02/02 v3.49.2 KOMA-Script package (using LaTeX hook
s)

(C:\Users\domin\AppData\Local\Programs\MiKTeX\tex/latex/koma-script\scrlogo.sty
Package: scrlogo 2026/02/02 v3.49.2 KOMA-Script package (logo)
)))
Applying: [2021/05/01] Usage of raw or classic option list on input line 254.
Already applied: [0000/00/00] Usage of raw or classic option list on input line
 370.
)
(C:\Users\domin\AppData\Local\Programs\MiKTeX\tex/latex/trimspaces\trimspaces.s
ty
Package: trimspaces 2009/09/17 v1.1 Trim spaces around a token list
) (C:\Users\domin\AppData\Local\Programs\MiKTeX\tex/latex/tools\shellesc.sty
Package: shellesc 2023/07/08 v1.0d unified shell escape interface for LaTeX

Package shellesc Warning: Shell escape disabled on input line 73.

)
\c@svg@param@lastpage=\count400
\svg@box=\box81
\c@svg@param@currpage=\count401
)
(C:\Users\domin\AppData\Local\Programs\MiKTeX\tex/latex/transparent\transparent
.sty
Package: transparent 2025-06-23 v1.6 Transparency with color stacks

(C:\Users\domin\AppData\Local\Programs\MiKTeX\tex/latex/transparent\transparent
-nometadata.sty
Package: transparent-nometadata 2025-06-23 v1.6 Transparency via pdfTeX's color
 stack (HO)

Package transparent Warning: Loading aborted, because pdfTeX is not running in 
PDF mode.

))
(C:\Users\domin\AppData\Local\Programs\MiKTeX\tex/latex/pgf/systemlayer\pgfsys.
sty
(C:\Users\domin\AppData\Local\Programs\MiKTeX\tex/generic/pgf/systemlayer\pgfsy
s.code.tex
Package: pgfsys 2025-08-29 v3.1.11a (3.1.11a)
\pgf@x=\dimen316
\pgf@y=\dimen317
\pgf@xa=\dimen318
\pgf@ya=\dimen319
\pgf@xb=\dimen320
\pgf@yb=\dimen321
\pgf@xc=\dimen322
\pgf@yc=\dimen323
\pgf@xd=\dimen324
\pgf@yd=\dimen325
\w@pgf@writea=\write5
\r@pgf@reada=\read4
\c@pgf@counta=\count402
\c@pgf@countb=\count403
\c@pgf@countc=\count404
\c@pgf@countd=\count405
\t@pgf@toka=\toks45
\t@pgf@tokb=\toks46
\t@pgf@tokc=\toks47
\pgf@sys@id@count=\count406

(C:\Users\domin\AppData\Local\Programs\MiKTeX\tex/generic/pgf/systemlayer\pgf.c
fg
File: pgf.cfg 2025-08-29 v3.1.11a (3.1.11a)
)
Driver file for pgf: pgfsys-dvips.def

(C:\Users\domin\AppData\Local\Programs\MiKTeX\tex/generic/pgf/systemlayer\pgfsy
s-dvips.def
File: pgfsys-dvips.def 2025-08-29 v3.1.11a (3.1.11a)

(C:\Users\domin\AppData\Local\Programs\MiKTeX\tex/generic/pgf/systemlayer\pgfsy
s-common-postscript.def
File: pgfsys-common-postscript.def 2025-08-29 v3.1.11a (3.1.11a)
\pgf@objectcount=\count407
)))
(C:\Users\domin\AppData\Local\Programs\MiKTeX\tex/generic/pgf/systemlayer\pgfsy
ssoftpath.code.tex
File: pgfsyssoftpath.code.tex 2025-08-29 v3.1.11a (3.1.11a)
\pgfsyssoftpath@smallbuffer@items=\count408
\pgfsyssoftpath@bigbuffer@items=\count409
)
(C:\Users\domin\AppData\Local\Programs\MiKTeX\tex/generic/pgf/systemlayer\pgfsy
sprotocol.code.tex
File: pgfsysprotocol.code.tex 2025-08-29 v3.1.11a (3.1.11a)
))
(C:\Users\domin\AppData\Local\Programs\MiKTeX\tex/latex/auto-pst-pdf\auto-pst-p
df.sty
Package: auto-pst-pdf 2020/10/08 v0.7 Wrapper for pst-pdf
(C:\Users\domin\AppData\Local\Programs\MiKTeX\tex/generic/iftex\ifpdf.sty
Package: ifpdf 2019/10/25 v3.4 ifpdf legacy package. Use iftex instead.
)
(C:\Users\domin\AppData\Local\Programs\MiKTeX\tex/latex/ifplatform\ifplatform.s
ty
Package: ifplatform 2017/10/13 v0.4a Testing for the operating system

(C:\Users\domin\AppData\Local\Programs\MiKTeX\tex/generic/catchfile\catchfile.s
ty
Package: catchfile 2019/12/09 v1.8 Catch the contents of a file (HO)
)

Package ifplatform Warning: 
    shell escape is disabled, so I can only detect \ifwindows.

)
\c@app@runs=\count410
(C:\Users\domin\AppData\Local\Programs\MiKTeX\tex/latex/pst-pdf\pst-pdf.sty
Package: pst-pdf 2020/10/10 v1.2f PS graphics for pdfLaTeX (RN,HjG)
(C:\Users\domin\AppData\Local\Programs\MiKTeX\tex/generic/iftex\ifxetex.sty
Package: ifxetex 2019/10/25 v0.7 ifxetex legacy package. Use iftex instead.
)
\c@pspicture=\count411
Package pst-pdf Info: MODE: 0 (dvi -- extraction mode) on input line 103.
No auxiliary output files.

(C:\Users\domin\AppData\Local\Programs\MiKTeX\tex/latex/preview\preview.sty
Package: preview 2024/06/30 14.0.6 (AUCTeX/preview-latex)
(C:\Users\domin\AppData\Local\Programs\MiKTeX\tex/latex/luatex85\luatex85.sty
Package: luatex85 2016/06/15 v1.4 pdftex aliases for luatex
)
(C:\Users\domin\AppData\Local\Programs\MiKTeX\tex/latex/preview\prtightpage.def
\PreviewBorder=\dimen326
)
\pr@snippet=\count412
\pr@box=\box82
\pr@output=\toks48
))) (C:\Users\domin\AppData\Local\Programs\MiKTeX\tex/latex/fancyhdr\fancyhdr.s
ty
Package: fancyhdr 2025/02/07 v5.2 Extensive control of page headers and footers

\f@nch@headwidth=\skip127
\f@nch@offset@elh=\skip128
\f@nch@offset@erh=\skip129
\f@nch@offset@olh=\skip130
\f@nch@offset@orh=\skip131
\f@nch@offset@elf=\skip132
\f@nch@offset@erf=\skip133
\f@nch@offset@olf=\skip134
\f@nch@offset@orf=\skip135
\f@nch@height=\skip136
\f@nch@footalignment=\skip137
\f@nch@widthL=\skip138
\f@nch@widthC=\skip139
\f@nch@widthR=\skip140
\@temptokenb=\toks49
) (C:\Users\domin\AppData\Local\Programs\MiKTeX\tex/latex/url\url.sty
\Urlmuskip=\muskip18
Package: url 2013/09/16  ver 3.4  Verb mode for urls, etc.
) (C:\Users\domin\AppData\Local\Programs\MiKTeX\tex/latex/float\float.sty
Package: float 2001/11/08 v1.3d Float enhancements (AL)
\c@float@type=\count413
\float@exts=\toks50
\float@box=\box83
\@float@everytoks=\toks51
\@floatcapt=\box84
)
(C:\Users\domin\AppData\Local\Programs\MiKTeX\tex/latex/subfigure\subfigure.sty
Package: subfigure 2002/07/30 v2.1.4 subfigure package
\subfigtopskip=\skip141
\subfigcapskip=\skip142
\subfigcaptopadj=\dimen327
\subfigbottomskip=\skip143
\subfigcapmargin=\dimen328
\subfiglabelskip=\skip144
\c@subfigure=\count414
\c@lofdepth=\count415
\c@subtable=\count416
\c@lotdepth=\count417
****************************************
* Local config file subfigure.cfg used *
****************************************

(C:\Users\domin\AppData\Local\Programs\MiKTeX\tex/latex/subfigure\subfigure.cfg
)
\subfig@top=\skip145
\subfig@bottom=\skip146
) (C:\Users\domin\AppData\Local\Programs\MiKTeX\tex/latex/hyperref\hyperref.sty
Package: hyperref 2025-07-12 v7.01o Hypertext links for LaTeX

(C:\Users\domin\AppData\Local\Programs\MiKTeX\tex/generic/pdfescape\pdfescape.s
ty
Package: pdfescape 2019/12/09 v1.15 Implements pdfTeX's escape features (HO)
) (C:\Users\domin\AppData\Local\Programs\MiKTeX\tex/latex/hycolor\hycolor.sty
Package: hycolor 2020-01-27 v1.10 Color options for hyperref/bookmark (HO)
) (C:\Users\domin\AppData\Local\Programs\MiKTeX\tex/latex/hyperref\nameref.sty
Package: nameref 2025-06-21 v2.57 Cross-referencing by name of section
(C:\Users\domin\AppData\Local\Programs\MiKTeX\tex/latex/refcount\refcount.sty
Package: refcount 2019/12/15 v3.6 Data extraction from label references (HO)
)
(C:\Users\domin\AppData\Local\Programs\MiKTeX\tex/generic/gettitlestring\gettit
lestring.sty
Package: gettitlestring 2019/12/15 v1.6 Cleanup title references (HO)
)
\c@section@level=\count418
)
(C:\Users\domin\AppData\Local\Programs\MiKTeX\tex/generic/stringenc\stringenc.s
ty
Package: stringenc 2019/11/29 v1.12 Convert strings between diff. encodings (HO
)
)
\@linkdim=\dimen329
\Hy@linkcounter=\count419
\Hy@pagecounter=\count420
(C:\Users\domin\AppData\Local\Programs\MiKTeX\tex/latex/hyperref\pd1enc.def
File: pd1enc.def 2025-07-12 v7.01o Hyperref: PDFDocEncoding definition (HO)
Now handling font encoding PD1 ...
... no UTF-8 mapping file for font encoding PD1
) (C:\Users\domin\AppData\Local\Programs\MiKTeX\tex/generic/intcalc\intcalc.sty
Package: intcalc 2019/12/15 v1.3 Expandable calculations with integers (HO)
)
\Hy@SavedSpaceFactor=\count421
(C:\Users\domin\AppData\Local\Programs\MiKTeX\tex/latex/hyperref\puenc.def
File: puenc.def 2025-07-12 v7.01o Hyperref: PDF Unicode definition (HO)
Now handling font encoding PU ...
... no UTF-8 mapping file for font encoding PU
)
Package hyperref Info: Hyper figures OFF on input line 4195.
Package hyperref Info: Link nesting OFF on input line 4200.
Package hyperref Info: Hyper index ON on input line 4203.
Package hyperref Info: Plain pages OFF on input line 4210.
Package hyperref Info: Backreferencing OFF on input line 4215.
Package hyperref Info: Implicit mode ON; LaTeX internals redefined.
Package hyperref Info: Bookmarks ON on input line 4462.
\c@Hy@tempcnt=\count422
LaTeX Info: Redefining \url on input line 4801.
\XeTeXLinkMargin=\dimen330
(C:\Users\domin\AppData\Local\Programs\MiKTeX\tex/generic/bitset\bitset.sty
Package: bitset 2019/12/09 v1.3 Handle bit-vector datatype (HO)

(C:\Users\domin\AppData\Local\Programs\MiKTeX\tex/generic/bigintcalc\bigintcalc
.sty
Package: bigintcalc 2019/12/15 v1.5 Expandable calculations on big integers (HO
)
))
\Fld@menulength=\count423
\Field@Width=\dimen331
\Fld@charsize=\dimen332
Package hyperref Info: Hyper figures OFF on input line 6078.
Package hyperref Info: Link nesting OFF on input line 6083.
Package hyperref Info: Hyper index ON on input line 6086.
Package hyperref Info: backreferencing OFF on input line 6093.
Package hyperref Info: Link coloring OFF on input line 6098.
Package hyperref Info: Link coloring with OCG OFF on input line 6103.
Package hyperref Info: PDF/A mode OFF on input line 6108.
\Hy@abspage=\count424
\c@Item=\count425
\c@Hfootnote=\count426
)
Package hyperref Info: Driver (default): hdvips.
(C:\Users\domin\AppData\Local\Programs\MiKTeX\tex/latex/hyperref\hdvips.def
File: hdvips.def 2025-07-12 v7.01o Hyperref driver for dvips
(C:\Users\domin\AppData\Local\Programs\MiKTeX\tex/latex/hyperref\pdfmark.def
File: pdfmark.def 2025-07-12 v7.01o Hyperref definitions for pdfmark specials
\pdf@docset=\toks52
\pdf@box=\box85
\pdf@toks=\toks53
\pdf@defaulttoks=\toks54
\HyField@AnnotCount=\count427
\Fld@listcount=\count428
\c@bookmark@seq@number=\count429

(C:\Users\domin\AppData\Local\Programs\MiKTeX\tex/latex/rerunfilecheck\rerunfil
echeck.sty
Package: rerunfilecheck 2025-06-21 v1.11 Rerun checks for auxiliary files (HO)

(C:\Users\domin\AppData\Local\Programs\MiKTeX\tex/generic/uniquecounter\uniquec
ounter.sty
Package: uniquecounter 2019/12/15 v1.4 Provide unlimited unique counter (HO)
)
Package uniquecounter Info: New unique counter `rerunfilecheck' on input line 2
84.
)
\Hy@SectionHShift=\skip147
)) (C:\Users\domin\AppData\Local\Programs\MiKTeX\tex/latex/colortbl\colortbl.st
y
Package: colortbl 2026/05/01 v1.0l Color table columns (DPC)
\everycr=\toks55
\minrowclearance=\skip148
\rownum=\count430
) (C:\Users\domin\AppData\Local\Programs\MiKTeX\tex/latex/listings\listings.sty
\lst@mode=\count431
\lst@gtempboxa=\box86
\lst@token=\toks56
\lst@length=\count432
\lst@currlwidth=\dimen333
\lst@column=\count433
\lst@pos=\count434
\lst@lostspace=\dimen334
\lst@width=\dimen335
\lst@newlines=\count435
\lst@lineno=\count436
\lst@maxwidth=\dimen336
(C:\Users\domin\AppData\Local\Programs\MiKTeX\tex/latex/listings\lstpatch.sty
File: lstpatch.sty 2025/11/14 1.11b (Carsten Heinz)
) (C:\Users\domin\AppData\Local\Programs\MiKTeX\tex/latex/listings\lstmisc.sty
File: lstmisc.sty 2025/11/14 1.11b (Carsten Heinz)
\c@lstnumber=\count437
\lst@skipnumbers=\count438
\lst@framebox=\box87
) (C:\Users\domin\AppData\Local\Programs\MiKTeX\tex/latex/listings\listings.cfg
File: listings.cfg 2025/11/14 1.11b listings configuration
))
Package: listings 2025/11/14 1.11b (Carsten Heinz)
==> First Aid for listings.sty no longer applied!
    Expected:
        2024/09/23 1.10c (Carsten Heinz)
    but found:
        2025/11/14 1.11b (Carsten Heinz)
    so I'm assuming it got fixed.

Package fancyhdr Warning: \fancyhead's `E' option without twoside option is use
less.
(fancyhdr)                Please consider using the `twoside' option on input l
ine 84.

Package hyperref Info: Option `colorlinks' set `false' on input line 134.
LaTeX Font Info:    Trying to load font information for T1+lmr on input line 13
8.
(C:\Users\domin\AppData\Local\Programs\MiKTeX\tex/latex/lm\t1lmr.fd
File: t1lmr.fd 2015/05/01 v1.6.1 Font defs for Latin Modern
)
No file main-autopp.aux.
LaTeX Font Info:    Checking defaults for OML/cmm/m/it on input line 138.
LaTeX Font Info:    ... okay on input line 138.
LaTeX Font Info:    Checking defaults for OMS/cmsy/m/n on input line 138.
LaTeX Font Info:    ... okay on input line 138.
LaTeX Font Info:    Checking defaults for OT1/cmr/m/n on input line 138.
LaTeX Font Info:    ... okay on input line 138.
LaTeX Font Info:    Checking defaults for T1/cmr/m/n on input line 138.
LaTeX Font Info:    ... okay on input line 138.
LaTeX Font Info:    Checking defaults for TS1/cmr/m/n on input line 138.
LaTeX Font Info:    ... okay on input line 138.
LaTeX Font Info:    Checking defaults for OMX/cmex/m/n on input line 138.
LaTeX Font Info:    ... okay on input line 138.
LaTeX Font Info:    Checking defaults for U/cmr/m/n on input line 138.
LaTeX Font Info:    ... okay on input line 138.
LaTeX Font Info:    Checking defaults for PD1/pdf/m/n on input line 138.
LaTeX Font Info:    ... okay on input line 138.
LaTeX Font Info:    Checking defaults for PU/pdf/m/n on input line 138.
LaTeX Font Info:    ... okay on input line 138.
*geometry* driver: auto-detecting
*geometry* detected driver: dvips
*geometry* verbose mode - [ preamble ] result:
* driver: dvips
* paper: a4paper
* layout: <same size as paper>
* layoutoffset:(h,v)=(0.0pt,0.0pt)
* modes: 
* h-part:(L,W,R)=(85.35826pt, 441.01773pt, 71.13188pt)
* v-part:(T,H,B)=(71.13188pt, 702.78308pt, 71.13188pt)
* \paperwidth=597.50787pt
* \paperheight=845.04684pt
* \textwidth=441.01773pt
* \textheight=702.78308pt
* \oddsidemargin=13.08827pt
* \evensidemargin=13.08827pt
* \topmargin=-32.1381pt
* \headheight=14.5pt
* \headsep=16.5pt
* \topskip=12.0pt
* \footskip=29.0pt
* \marginparwidth=0.0pt
* \marginparsep=0.0pt
* \columnsep=25.6802pt
* \skip\footins=10.8pt plus 4.0pt minus 2.0pt
* \hoffset=0.0pt
* \voffset=0.0pt
* \mag=1000
* \@twocolumnfalse
* \@twosidefalse
* \@mparswitchfalse
* \@reversemarginfalse
* (1in=72.27pt=25.4mm, 1cm=28.453pt)

Package babel Info: 'polish' activates 'polish' shorthands.
(babel)             Reported on input line 138.

(C:\Users\domin\AppData\Local\Programs\MiKTeX\tex/latex/translations/dicts\tran
slations-basic-dictionary-polish.trsl
File: translations-basic-dictionary-polish.trsl (polish translation file `trans
lations-basic-dictionary')
)
Package translations Info: loading dictionary `translations-basic-dictionary' f
or `polish'. on input line 138.
Preview: Fontsize 12pt
\providecommand\hyper@newdestlabel[2]{}
Package hyperref Info: Link coloring OFF on input line 138.

Package hyperref Warning: Rerun to get /PageLabels entry.

\c@lstlisting=\count439
) (nowa_tytulowa.tex
LaTeX Font Info:    Trying to load font information for OT1+lmr on input line 8
0.
(C:\Users\domin\AppData\Local\Programs\MiKTeX\tex/latex/lm\ot1lmr.fd
File: ot1lmr.fd 2015/05/01 v1.6.1 Font defs for Latin Modern
)
LaTeX Font Info:    Trying to load font information for OML+lmm on input line 8
0.
(C:\Users\domin\AppData\Local\Programs\MiKTeX\tex/latex/lm\omllmm.fd
File: omllmm.fd 2015/05/01 v1.6.1 Font defs for Latin Modern
)
LaTeX Font Info:    Trying to load font information for OMS+lmsy on input line 
80.
(C:\Users\domin\AppData\Local\Programs\MiKTeX\tex/latex/lm\omslmsy.fd
File: omslmsy.fd 2015/05/01 v1.6.1 Font defs for Latin Modern
)
LaTeX Font Info:    Trying to load font information for OMX+lmex on input line 
80.
(C:\Users\domin\AppData\Local\Programs\MiKTeX\tex/latex/lm\omxlmex.fd
File: omxlmex.fd 2015/05/01 v1.6.1 Font defs for Latin Modern
)
LaTeX Font Info:    External font `lmex10' loaded for size
(Font)              <12> on input line 80.
LaTeX Font Info:    External font `lmex10' loaded for size
(Font)              <8> on input line 80.
LaTeX Font Info:    External font `lmex10' loaded for size
(Font)              <6> on input line 80.
LaTeX Font Info:    Trying to load font information for U+msa on input line 80.

(C:\Users\domin\AppData\Local\Programs\MiKTeX\tex/latex/amsfonts\umsa.fd
File: umsa.fd 2013/01/14 v3.01 AMS symbols A
)
LaTeX Font Info:    Trying to load font information for U+msb on input line 80.

(C:\Users\domin\AppData\Local\Programs\MiKTeX\tex/latex/amsfonts\umsb.fd
File: umsb.fd 2013/01/14 v3.01 AMS symbols B
)) (streszczenie.tex
Underfull \hbox (badness 4084) in paragraph at lines 7--8
\T1/lmr/m/n/12 nie-re-la-cyj-nych baz da-nych typu klucz-warto±¢ (Re-dis, Mem-c
a-ched, Le-velDB,
 []


Underfull \hbox (badness 8113) in paragraph at lines 19--20
\T1/lmr/m/n/12 non-relational key-value da-ta-ba-ses (Re-dis, Mem-ca-ched, Le-v
elDB, RocksDB,
 []

) (spis_tresci.tex
No file main-autopp.toc.
)
Rozdzia\l  1.
(wstep.tex
Underfull \hbox (badness 10000) in paragraph at lines 3--4
\T1/lmr/m/n/12 roz-wi¡-za-nia pa-mi¦-ciowe (in-memory), bazy wbu-do-wane (em-be
d-ded), jak i
 []


Underfull \hbox (badness 5924) in paragraph at lines 3--4
\T1/lmr/m/n/12 wspóª-bie»-no-±ci, me-cha-ni-zmami za-pew-nia-nia trwa-ªo-±ci da
-nych oraz mo-de-lami
 []


Underfull \hbox (badness 2970) in paragraph at lines 5--6
[]\T1/lmr/m/n/12 Niniejsza praca jest po-±wi¦-cona szcze-gó-ªo-wej ana-li-zie p
o-rów-naw-czej o±miu
 []


Underfull \hbox (badness 1472) in paragraph at lines 7--8
\T1/lmr/m/n/12 Motywacj¡ do pod-j¦-cia ni-niej-szego te-matu ba-daw-czego byªo 
ro-sn¡ce zna-cze-nie
 []


Underfull \hbox (badness 2726) in paragraph at lines 12--13
\T1/lmr/m/n/12 Gªównym ce-lem pracy jest prze-pro-wa-dze-nie ana-lizy po-rów-na
w-czej wy-daj-no-±ci
 []


Underfull \hbox (badness 10000) in paragraph at lines 12--13
\T1/lmr/m/n/12 wy-bra-nych nie-re-la-cyj-nych baz da-nych typu klucz-warto±¢ w 
±ro-do-wi-sku
 []


Underfull \hbox (badness 1960) in paragraph at lines 17--18
[]\T1/lmr/m/n/12 Przygotowanie zu-ni-fi-ko-wa-nego ±ro-do-wi-ska te-sto-wego pr
zy u»y-ciu tech-no-lo-gii
 []


Underfull \hbox (badness 3701) in paragraph at lines 27--28
\T1/lmr/m/n/12 bi-blio-teka oparta na LSM-Tree), RocksDB (roz-wi-ni¦ty przez fi
rm¦ Meta
 []


Underfull \hbox (badness 5878) in paragraph at lines 55--56
[]\T1/lmr/bx/n/12 Rozdziaª 3 (Cha-rak-te-ry-styka po-rów-ny-wa-nych sys-te-mów)
: \T1/lmr/m/n/12 za-wiera
 []


Underfull \hbox (badness 1515) in paragraph at lines 56--57
\T1/lmr/m/n/12 sprz¦towo-programow¡ sta-no-wi-ska, bu-dow¦ kodu te-sto-wego ora
z szcze-gó-ªowe
 []


Underfull \hbox (badness 2884) in paragraph at lines 58--59
[]\T1/lmr/bx/n/12 Rozdziaª 6 (Dys-ku-sja wy-ni-ków): \T1/lmr/m/n/12 po-±wi¦-con
y jest ana-li-zie uzy-ska-nych
 []


Underfull \hbox (badness 5388) in paragraph at lines 58--59
\T1/lmr/m/n/12 re-zul-ta-tów pod k¡-tem po-sta-wio-nych hi-po-tez oraz sfor-mu-
ªo-wa-niu za-le-ce«
 []

)
Rozdzia\l  2.
(magisterka/przeglad_teoretyczny.tex
Underfull \hbox (badness 1874) in paragraph at lines 6--7
[]\T1/lmr/bx/n/12 Obj¦to±¢ (Vo-lume): \T1/lmr/m/n/12 znaczny przy-rost da-nych 
li-czony w pe-ta-baj-tach. W
 []


Underfull \hbox (badness 2680) in paragraph at lines 7--8
[]\T1/lmr/bx/n/12 Szybko±¢ (Ve-lo-city): \T1/lmr/m/n/12 po-trzeba prze-twa-rza-
nia stru-mieni da-nych w cza-sie
 []


Underfull \hbox (badness 6961) in paragraph at lines 18--19
[]\T1/lmr/bx/n/12 Zarz¡dzanie tre-±ci¡ i ka-ta-lo-gami pro-duk-tów: \T1/lmr/m/n
/12 ela-styczne struk-tury
 []


LaTeX Warning: Citation `sadalage2012' on page 10 undefined on input line 33.


Underfull \hbox (badness 4229) in paragraph at lines 33--34
\T1/lmr/m/n/12 Sformuªowane przez Erica Bre-wera twier-dze-nie \T1/lmr/bx/n/12 
CAP \T1/lmr/m/n/12 (ang. \T1/lmr/m/it/12 CAP The-orem\T1/lmr/m/n/12 )
 []


Underfull \hbox (badness 2065) in paragraph at lines 51--52
[]\T1/lmr/bx/n/12 JSON (Ja-va-Script Ob-ject No-ta-tion): \T1/lmr/m/n/12 for-ma
t tek-stowy przy-st¦pny dla
 []


Underfull \hbox (badness 10000) in paragraph at lines 54--55
\T1/lmr/m/n/12 Dokumenty o zbli-»o-nej struk-tu-rze s¡ gru-po-wane w ko-lek-cja
ch, b¦-d¡-cych
 []


Underfull \hbox (badness 1810) in paragraph at lines 54--55
\T1/lmr/m/n/12 od-po-wied-ni-kiem ta-bel w re-la-cyj-nych ba-zach da-nych. Klu-
czow¡ ce-ch¡ ró»-ni¡c¡
 []


Underfull \hbox (badness 2573) in paragraph at lines 57--58
[]\T1/lmr/bx/n/12 Sharding: \T1/lmr/m/n/12 ho-ry-zon-talne par-ty-cjo-no-wa-nie
 da-nych po-le-ga-j¡ce na dys-try-bu-cji
 []


Underfull \hbox (badness 1796) in paragraph at lines 57--58
\T1/lmr/m/n/12 ele-men-tów ko-lek-cji mi¦-dzy wiele ser-we-rów na pod-sta-wie w
y-bra-nego klu-cza
 []


Underfull \hbox (badness 5711) in paragraph at lines 65--66
\T1/lmr/m/n/12 Szerokokolumnowe bazy da-nych to sys-temy zo-rien-to-wane ko-lum
-nowo, które
 []


Underfull \hbox (badness 2088) in paragraph at lines 68--69
[]\T1/lmr/bx/n/12 Rodzina ko-lumn: \T1/lmr/m/n/12 lo-giczna grupa po-wi¡-za-nyc
h ze sob¡ da-nych, fi-zycz-nie
 []


Underfull \hbox (badness 4647) in paragraph at lines 111--112
\T1/lmr/m/n/12 Grafowe bazy da-nych s¡ za-pro-jek-to-wane do prze-cho-wy-wa-nia
 i efek-tyw-nego
 []


Underfull \hbox (badness 1776) in paragraph at lines 131--132
[]\T1/lmr/bx/n/12 Systemy re-ko-men-da-cyjne: \T1/lmr/m/n/12 ana-liza po-wi¡-za
« w cza-sie rze-czy-wi-stym (np.
 []


Underfull \hbox (badness 3343) in paragraph at lines 132--133
[]\T1/lmr/bx/n/12 Wykrywanie nad-u»y¢ fi-nan-so-wych: \T1/lmr/m/n/12 ±le-dze-ni
e po-dej-rza-nych prze-pªy-wów
 []


Underfull \hbox (badness 2261) in paragraph at lines 133--134
[]\T1/lmr/bx/n/12 Zarz¡dzanie to»-sa-mo-±ci¡ i do-st¦-pem (IAM): \T1/lmr/m/n/12
 mo-de-lo-wa-nie zªo-»o-nych,
 []


Underfull \hbox (badness 3179) in paragraph at lines 152--153
\T1/lmr/m/n/12 Systemy ba-zu-j¡ce na mo-delu klucz-warto±¢ sta-no-wi¡ naj-prost
-sz¡, a za-ra-zem
 []


Underfull \hbox (badness 2495) in paragraph at lines 166--167
\T1/lmr/m/n/12 Kluczow¡ ce-ch¡ wy-ró»-nia-j¡c¡ ten mo-del jest trak-to-wa-nie w
ar-to-±ci jako tzw.
 []


Underfull \hbox (badness 4120) in paragraph at lines 166--167
\T1/lmr/m/n/12 nie-prze-zro-czy-stego obiektu bi-nar-nego (ang. \T1/lmr/m/it/12
 BLOB\T1/lmr/m/n/12 ). Sil-nik bazy da-nych nie
 []


Underfull \hbox (badness 4595) in paragraph at lines 188--189
\T1/lmr/m/n/12 ob-li-czy¢ lo-ka-li-za-cj¦ da-nych, ogra-ni-cza-j¡c od-py-ty-wa-
nie cen-tral-nego ser-wera
 []


Underfull \hbox (badness 1748) in paragraph at lines 207--208
\T1/lmr/m/n/12 prze-cho-wy-wa-nie stanu se-sji lo-kal-nie na po-szcze-gól-nych 
ser-we-rach pro-wa-dzi-ªoby
 []

)
Rozdzia\l  3.
(magisterka/systemy.tex

LaTeX Warning: Citation `sadalage2012' on page 19 undefined on input line 1.


LaTeX Warning: Citation `cooper2010' on page 19 undefined on input line 1.


LaTeX Warning: Citation `li2015' on page 19 undefined on input line 1.


Underfull \hbox (badness 10000) in paragraph at lines 1--2
\T1/lmr/m/n/12 nie-re-la-cyj-nych baz da-nych typu klucz-warto±¢, które zo-staª
y wy-brane do
 []


LaTeX Warning: Citation `carlson2013' on page 19 undefined on input line 4.

LaTeX Font Info:    Trying to load font information for T1+lmtt on input line 6
.
(C:\Users\domin\AppData\Local\Programs\MiKTeX\tex/latex/lm\t1lmtt.fd
File: t1lmtt.fd 2015/05/01 v1.6.1 Font defs for Latin Modern
)
Underfull \hbox (badness 2119) in paragraph at lines 6--7
\T1/lmr/m/n/12 blo-ku-j¡cy. W now-szych wer-sjach sys-temu wpro-wa-dzono nie-bl
o-ku-j¡ce po-le-ce-nie
 []


Underfull \hbox (badness 10000) in paragraph at lines 18--19
[]\T1/lmr/bx/n/12 Zbiory (Sets): \T1/lmr/m/n/12 nie-upo-rz¡d-ko-wane ko-lek-cje
 uni-kal-nych ci¡-gów zna-ków.
 []


Underfull \hbox (badness 3679) in paragraph at lines 18--19
\T1/lmr/m/n/12 Umo»-li-wiaj¡ wy-ko-ny-wa-nie ope-ra-cji teo-riom-no-go-±cio-wyc
h (ta-kich jak sumy,
 []


Underfull \hbox (badness 1490) in paragraph at lines 19--20
[]\T1/lmr/bx/n/12 Zbiory po-sor-to-wane (Sor-ted Sets): \T1/lmr/m/n/12 struk-tu
ra uni-kal-nych ele-men-tów, w
 []


Underfull \hbox (badness 2726) in paragraph at lines 19--20
\T1/lmr/m/n/12 któ-rej ka»-demu z nich przy-pi-sana jest ocena (ang. \T1/lmr/m/
it/12 score\T1/lmr/m/n/12 ) b¦-d¡ca liczb¡
 []


Underfull \hbox (badness 3849) in paragraph at lines 19--20
\T1/lmr/m/n/12 Ope-ra-cje wsta-wia-nia, usu-wa-nia i wy-szu-ki-wa-nia s¡ wy-ko-
ny-wane w cza-sie
 []


Underfull \hbox (badness 4518) in paragraph at lines 20--21
[]\T1/lmr/bx/n/12 HyperLogLog: \T1/lmr/m/n/12 pro-ba-bi-li-styczna struk-tura d
a-nych sªu-»¡ca do sza-co-wa-nia
 []


Underfull \hbox (badness 1509) in paragraph at lines 33--34
\T1/lmr/m/n/12 prze-twa-rza-nie ko-mu-ni-ka-tów hi-sto-rycz-nych, co jest klu-c
zowe w ar-chi-tek-tu-rze
 []


Underfull \hbox (badness 2617) in paragraph at lines 39--40
[]\T1/lmr/m/n/12 Mo»liwe jest wy-ko-ny-wa-nie ato-mo-wych mo-dy-fi-ka-cji po-sz
cze-gól-nych pól bez
 []


Underfull \hbox (badness 2418) in paragraph at lines 50--51
\T1/lmr/m/n/12 bywa nie-efek-tywny pod wzgl¦-dem zu-»y-cia pa-mi¦ci. Mo-duª \T1
/lmr/bx/n/12 Re-di-sTi-me-Se-ries
 []


Underfull \hbox (badness 3758) in paragraph at lines 53--54
\T1/lmr/m/n/12 (np. po-przez agre-ga-cj¦ da-nych se-kun-do-wych do mi-nu-to-wyc
h) zgod-nie ze
 []


Underfull \hbox (badness 2042) in paragraph at lines 71--72
\T1/lmr/m/n/12 zo-staª zmie-niony przez firm¦ Re-dis Inc. na li-cen-cj¦ du-aln¡
 skªa-da-j¡c¡ si¦ z
 []


LaTeX Warning: Citation `fitzpatrick2004' on page 24 undefined on input line 92
.


Underfull \hbox (badness 10000) in paragraph at lines 95--96
\T1/lmr/m/n/12 Najwa»niejsz¡ ró»-nic¡ ar-chi-tek-to-niczn¡ wzgl¦-dem bazy Re-di
s jest mo-del
 []


Underfull \hbox (badness 3158) in paragraph at lines 95--96
\T1/lmr/m/n/12 wspóª-bie»-no-±ci. Mem-ca-ched jest sys-te-mem wie-lo-w¡t-ko-wym
, pod-czas gdy jego
 []


Underfull \hbox (badness 5036) in paragraph at lines 138--139
[]\T1/lmr/bx/n/12 Marnowanie pa-mi¦ci (frag-men-ta-cja we-wn¦trzna): \T1/lmr/m/
n/12 nie-do-pa-so-wa-nie
 []


LaTeX Warning: Citation `dean2011' on page 27 undefined on input line 145.


Underfull \hbox (badness 10000) in paragraph at lines 147--148
\T1/lmr/m/n/12 LevelDB re-zy-gnuje z tra-dy-cyj-nego dla baz re-la-cyj-nych mo-
delu B-Tree,
 []


Underfull \hbox (badness 1810) in paragraph at lines 147--148
\T1/lmr/m/n/12 opty-ma-li-zu-j¡-cego od-czyt kosz-tem lo-so-wych ope-ra-cji za-
pisu na dysku. Za-miast
 []


Underfull \hbox (badness 1881) in paragraph at lines 147--148
\T1/lmr/m/n/12 tego wy-ko-rzy-stuje ar-chi-tek-tur¦ LSM-Tree, która prze-ksztaª
ca lo-sowe za-pisy w
 []


Underfull \hbox (badness 3291) in paragraph at lines 151--152
[]\T1/lmr/bx/n/12 Write Ahead Log (WAL): \T1/lmr/m/n/12 ka»da ope-ra-cja za-pis
u tra-fia naj-pierw do
 []


Overfull \hbox (11.3555pt too wide) detected at line 181
[]\OML/lmm/m/it/12 L[] \OT1/lmr/m/n/12 + []\OML/lmm/m/it/12 L[] [] []L[]
 []


Underfull \hbox (badness 4291) in paragraph at lines 199--200
\T1/lmr/m/n/12 Go-ogle). Al-go-rytm ten nie d¡»y do mak-sy-mal-nego stop-nia ko
m-pre-sji, lecz
 []


Underfull \hbox (badness 5245) in paragraph at lines 206--207
\T1/lmr/m/n/12 da-nych w kon-kret-nym mo-men-cie czasu oraz se-kwen-cyjne ite-r
o-wa-nie po
 []


Underfull \hbox (badness 3058) in paragraph at lines 218--219
\T1/lmr/m/n/12 LevelDB jest pro-jek-tem otwar-to-¹ró-dªo-wym roz-wi-ja-nym prze
z firm¦ Go-ogle i
 []


Underfull \hbox (badness 4084) in paragraph at lines 225--226
[]\T1/lmr/bx/n/12 Brak na-rzutu sie-cio-wego: \T1/lmr/m/n/12 ar-chi-tek-tura os
a-dzona eli-mi-nuje po-trzeb¦
 []


Underfull \hbox (badness 5161) in paragraph at lines 231--232
[]\T1/lmr/bx/n/12 Ograniczenie do jed-nego pro-cesu: \T1/lmr/m/n/12 brak mo»-li
-wo-±ci jed-no-cze-snego
 []


LaTeX Warning: Citation `borthakur2013' on page 31 undefined on input line 238.



Underfull \hbox (badness 1577) in paragraph at lines 243--244
\T1/lmr/m/n/12 przez wiele w¡t-ków tªa, co po-zwala na peªne wy-ko-rzy-sta-nie 
no-wo-cze-snych
 []


Underfull \hbox (badness 10000) in paragraph at lines 258--259
\T1/lmr/m/n/12 po-zio-mym (Le-ve-led Com-pac-tion), bi-blio-teka udo-st¦p-nia k
om-pak-to-wa-nie
 []


Underfull \hbox (badness 1968) in paragraph at lines 258--259
\T1/lmr/m/n/12 uni-wer-salne (Uni-ver-sal Com-pac-tion) zo-rien-to-wane na wy-s
ok¡ prze-pu-sto-wo±¢
 []


Underfull \hbox (badness 3977) in paragraph at lines 262--263
\T1/lmr/m/n/12 Tradycyjne ope-ra-cje mo-dy-fi-ka-cji re-kordu typu odczyt-modyf
ikacja-zapis (ang.
 []


Underfull \hbox (badness 2065) in paragraph at lines 262--263
\T1/lmr/m/it/12 read-modify-write\T1/lmr/m/n/12 ) wy-ma-gaj¡ po-bra-nia war-to-
±ci do apli-ka-cji, jej ak-tu-ali-za-cji i
 []


Underfull \hbox (badness 7081) in paragraph at lines 265--266
[]\T1/lmr/m/n/12 Instrukcja ta jest do-pi-sy-wana bez-po-±red-nio do struk-tury
 LSM-Tree, a
 []


Underfull \hbox (badness 10000) in paragraph at lines 289--290
[]\T1/lmr/bx/n/12 Ekstremalna zªo-»o-no±¢ kon-fi-gu-ra-cji: \T1/lmr/m/n/12 Rock
sDB udo-st¦p-nia setki
 []


Underfull \hbox (badness 1997) in paragraph at lines 290--291
\T1/lmr/m/n/12 wy-ma-gaj¡ utrzy-my-wa-nia licz-nych struk-tur po-moc-ni-czych w
 pa-mi¦ci, co
 []


LaTeX Warning: Citation `couchbase2023' on page 34 undefined on input line 295.



Underfull \hbox (badness 1681) in paragraph at lines 305--306
\T1/lmr/m/n/12 Mem-ca-ched, co uªa-twia mi-gra-cj¦ ist-nie-j¡-cych apli-ka-cji.
 Pa-mi¦¢ pod-r¦czna jest
 []


Underfull \hbox (badness 3514) in paragraph at lines 332--333
[]\T1/lmr/bx/n/12 Wyj¡tkowa wy-daj-no±¢: \T1/lmr/m/n/12 Ni-skie opó¹-nie-nia op
e-ra-cji za-pisu i od-czytu
 []


Underfull \hbox (badness 5331) in paragraph at lines 333--334
[]\T1/lmr/bx/n/12 Brak ko-niecz-no-±ci sto-so-wa-nia ze-wn¦trz-nego ca-che: \T1
/lmr/m/n/12 Wbu-do-wana
 []


Underfull \hbox (badness 2990) in paragraph at lines 335--336
[]\T1/lmr/bx/n/12 Elastyczne ska-lo-wa-nie (MDS): \T1/lmr/m/n/12 Mo»-li-wo±¢ pr
e-cy-zyj-nego do-pa-so-wa-nia
 []


Underfull \hbox (badness 10000) in paragraph at lines 340--341
[]\T1/lmr/bx/n/12 Skomplikowana ad-mi-ni-stra-cja: \T1/lmr/m/n/12 Za-rz¡-dza-ni
e kla-strem, pro-ce-sami
 []


Underfull \hbox (badness 10000) in paragraph at lines 340--341
\T1/lmr/m/n/12 re-ba-lan-so-wa-nia da-nych oraz opty-ma-li-za-cja in-dek-sów MD
S wy-maga
 []


Underfull \hbox (badness 2980) in paragraph at lines 341--342
[]\T1/lmr/bx/n/12 Narzut wy-daj-no-±ciowy przy braku in-dek-sów: \T1/lmr/m/n/12
 Za-py-ta-nia SQL++
 []


LaTeX Warning: Citation `tarantool2024' on page 36 undefined on input line 346.



Underfull \hbox (badness 1762) in paragraph at lines 346--347
\T1/lmr/m/n/12 Tarantool to pa-mi¦-ciowy ser-wer apli-ka-cji (ang. \T1/lmr/m/it
/12 in-memory ap-pli-ca-tion se-rver\T1/lmr/m/n/12 )
 []


Underfull \hbox (badness 2261) in paragraph at lines 353--354
[]\T1/lmr/m/n/12 Przeª¡czanie mi¦-dzy wªók-nami na-st¦-puje w spo-sób ko-ope-ra
-tywny, czyli w
 []


Underfull \hbox (badness 1728) in paragraph at lines 365--366
\T1/lmr/m/n/12 Lu-aJIT (kom-pi-la-tor \T1/lmr/m/it/12 Just-In-Time \T1/lmr/m/n/
12 j¦-zyka Lua). J¦-zyk ten sªu»y nie tylko do
 []


LaTeX Warning: Citation `zhou2021' on page 38 undefined on input line 395.


Underfull \hbox (badness 2088) in paragraph at lines 395--396
\T1/lmr/m/n/12 FoundationDB to roz-pro-szona baza da-nych typu No-SQL, która wy
-ró»-nia si¦
 []


Underfull \hbox (badness 2884) in paragraph at lines 398--399
\T1/lmr/m/n/12 trans-ak-cji od fi-zycz-nego skªa-do-wa-nia da-nych. Kla-ster sk
ªada si¦ z pro-ce-sów
 []


Underfull \hbox (badness 3098) in paragraph at lines 407--408
\T1/lmr/m/n/12 wie-lo-klu-czo-wych na rzecz spój-no-±ci osta-tecz-nej. W przy-p
adku Fo-un-da-tionDB
 []


Underfull \hbox (badness 1502) in paragraph at lines 410--411
\T1/lmr/m/n/12 po-sor-to-wane lek-sy-ko-gra-ficz-nie. Wszel-kie bo-gat-sze funk
-cjo-nal-no-±ci s¡ re-ali-zo-wane
 []


Underfull \hbox (badness 7504) in paragraph at lines 418--419
\T1/lmr/m/n/12 FoundationDB cha-rak-te-ry-zuje si¦ ry-go-ry-stycz-nym po-dej-±c
iem do te-sto-wa-nia
 []


Underfull \hbox (badness 6157) in paragraph at lines 418--419
\T1/lmr/m/n/12 uru-cho-mie-nie w spe-cjal-nym ±ro-do-wi-sku sy-mu-la-cyj-nym. S
y-mu-la-tor umo»-li-wia
 []


Underfull \hbox (badness 2790) in paragraph at lines 421--422
\T1/lmr/m/n/12 i roz-po-wszech-nia-nie kodu ¹ró-dªo-wego oraz pli-ków bi-nar-ny
ch, a tak»e chroni
 []


Underfull \hbox (badness 10000) in paragraph at lines 428--429
[]\T1/lmr/bx/n/12 Niezrównana nie-za-wod-no±¢: \T1/lmr/m/n/12 Po-twier-dzona te
-stami sy-mu-la-cyj-nymi
 []


Underfull \hbox (badness 2012) in paragraph at lines 435--436
[]\T1/lmr/bx/n/12 Brak wbu-do-wa-nego j¦-zyka za-py-ta«: \T1/lmr/m/n/12 War-stw
a pod-sta-wowa wy-maga
 []


Underfull \hbox (badness 10000) in paragraph at lines 435--436
\T1/lmr/m/n/12 im-ple-men-ta-cji lo-giki wy-szu-ki-wa-nia po stro-nie klienta l
ub war-stwy
 []


Underfull \hbox (badness 7151) in paragraph at lines 436--437
[]\T1/lmr/bx/n/12 Zwi¦kszone opó¹-nie-nia za-pisu: \T1/lmr/m/n/12 Ko-niecz-no±¢
 ko-or-dy-na-cji trans-ak-cji
 []


LaTeX Warning: Citation `olson1999' on page 41 undefined on input line 441.


Underfull \hbox (badness 10000) in paragraph at lines 446--447
[]\T1/lmr/bx/n/12 B-Tree: \T1/lmr/m/n/12 Tra-dy-cyjne zba-lan-so-wane drzewo. J
est to me-toda do-my±lna,
 []


Underfull \hbox (badness 1824) in paragraph at lines 452--453
\T1/lmr/m/n/12 BerkeleyDB ofe-ruje za-awan-so-wany pod-sys-tem trans-ak-cyjny z
a-pew-nia-j¡cy peªn¡
 []


Underfull \hbox (badness 2418) in paragraph at lines 455--456
[]\T1/lmr/bx/n/12 Wspóªbie»no±¢ wie-lo-pro-ce-sowa: \T1/lmr/m/n/12 Ber-ke-leyDB
 wspiera jed-no-cze-sny do-st¦p
 []


Underfull \hbox (badness 2343) in paragraph at lines 459--460
\T1/lmr/m/n/12 dys-try-bu-cji lub ±wiad-cze-nia usªug przez sie¢. Dla pro-jek-t
ów ko-mer-cyj-nych o
 []


Underfull \hbox (badness 4024) in paragraph at lines 466--467
[]\T1/lmr/bx/n/12 Elastyczno±¢ mo-deli skªa-do-wa-nia: \T1/lmr/m/n/12 Do-st¦p-n
o±¢ czte-rech od-mien-nych
 []


Underfull \hbox (badness 6110) in paragraph at lines 472--473
[]\T1/lmr/bx/n/12 Skomplikowane i ni-sko-po-zio-mowe API: \T1/lmr/m/n/12 In-ter
-fejs pro-gra-mi-styczny
 []


Underfull \hbox (badness 2310) in paragraph at lines 474--475
[]\T1/lmr/bx/n/12 Brak wbu-do-wa-nej opty-ma-li-za-cji kom-pak-to-wa-nia typu L
SM: \T1/lmr/m/n/12 W
 []


LaTeX Warning: Reference `tab:wdrozenie_wspolbieznosc' on page 43 undefined on 
input line 479.


LaTeX Warning: Reference `tab:struktura_transakcje' on page 43 undefined on inp
ut line 479.


LaTeX Warning: Reference `tab:klasyfikacja_cap' on page 43 undefined on input l
ine 479.


LaTeX Warning: Reference `tab:skalowalnosc_replikacja' on page 43 undefined on 
input line 479.


LaTeX Warning: Reference `tab:porownanie_licencji' on page 43 undefined on inpu
t line 479.


Overfull \hbox (5.56975pt too wide) in paragraph at lines 486--486
[]|\T1/lmr/bx/n/12 Przechowywanie 
 []


Overfull \hbox (3.20705pt too wide) in paragraph at lines 483--497
 [][] 
 []


Overfull \hbox (11.74298pt too wide) in paragraph at lines 503--517
 [][] 
 []


Overfull \hbox (13.56937pt too wide) in paragraph at lines 543--557
 [][] 
 []


Overfull \hbox (40.19574pt too wide) in paragraph at lines 563--577
 [][] 
 []


LaTeX Warning: Citation `felter2015' on page 47 undefined on input line 581.


LaTeX Warning: Citation `xu2013' on page 47 undefined on input line 581.

)
Rozdzia\l  4.
(magisterka/metodyka.tex
Underfull \hbox (badness 7064) in paragraph at lines 1--2
\T1/lmr/m/n/12 Rozdziaª ten opi-suje ar-chi-tek-tur¦ ±ro-do-wi-ska ba-daw-czego
 oraz szcze-gó-ªow¡
 []


Underfull \hbox (badness 4279) in paragraph at lines 1--2
\T1/lmr/m/n/12 me-to-dyk¦ prze-pro-wa-dze-nia te-stów po-rów-naw-czych wy-ty-po
-wa-nych baz da-nych
 []


Underfull \hbox (badness 5403) in paragraph at lines 4--5
\T1/lmr/m/n/12 W celu za-pew-nie-nia po-wta-rzal-no-±ci ba-da« i eli-mi-na-cji 
wpªywu ±ro-do-wi-ska
 []


Underfull \hbox (badness 2181) in paragraph at lines 6--7
[]\T1/lmr/bx/n/12 Docker i Do-cker Com-pose: \T1/lmr/m/n/12 wy-ko-rzy-stane do 
stwo-rze-nia od-izo-lo-wa-nych
 []


LaTeX Warning: Citation `wslperf2021' on page 48 undefined on input line 8.


LaTeX Warning: Reference `lst:wslconfig' on page 49 undefined on input line 18.


Package hyperref Info: bookmark level for unknown lstlisting defaults to 0 on i
nput line 20.

Underfull \hbox (badness 2903) in paragraph at lines 27--28
\T1/lmr/m/n/12 ba-zo-da-no-wymi wy-ko-rzy-stano de-dy-ko-wan¡, izo-lo-wan¡ sie¢
 wir-tu-aln¡ utwo-rzon¡
 []


Underfull \hbox (badness 2460) in paragraph at lines 27--28
\T1/lmr/m/n/12 w sil-niku Do-cker (bridge ne-twork). Za-pew-niªo to peªn¡ izo-l
a-cj¦ ko-mu-ni-ka-cji
 []


Underfull \hbox (badness 4739) in paragraph at lines 32--33
\T1/lmr/m/n/12 od-po-wie-dzialny za rów-no-le-gªe uru-cha-mia-nie i ko-or-dy-na
-cj¦ za-da-nej liczby
 []


Underfull \hbox (badness 2401) in paragraph at lines 33--34
[]\T1/lmr/bx/n/12 Jednostkowy pro-ces kliencki (Client Run-ner): \T1/lmr/m/n/12
 sa-mo-dzielna in-stan-cja
 []


Underfull \hbox (badness 2521) in paragraph at lines 34--35
[]\T1/lmr/bx/n/12 Adaptery ba-zo-da-nowe (Da-ta-base Wrap-pers): \T1/lmr/m/n/12
 skrypty im-ple-men-tu-j¡ce
 []


Underfull \hbox (badness 2027) in paragraph at lines 35--36
\T1/lmr/m/n/12 ze-bra-nych przez po-szcze-gólne pro-cesy klienc-kie oraz ge-ne-
ro-wa-nie wy-kre-sów
 []


Underfull \hbox (badness 4001) in paragraph at lines 39--40
\T1/lmr/m/n/12 ba-zo-da-no-wych byª uru-cha-miany z pre-cy-zyj-nie okre-±lo-nym
i li-mi-tami za-so-bów
 []


LaTeX Warning: Citation `love2010' on page 50 undefined on input line 47.


Underfull \hbox (badness 1975) in paragraph at lines 47--48
[]\T1/lmr/m/n/12 Wa»nym aspek-tem me-to-do-lo-gicz-nym przy te-sto-wa-niu wy-da
j-no-±ci na jed-nej
 []


Underfull \hbox (badness 5133) in paragraph at lines 55--56
[]\T1/lmr/bx/n/12 Update (mo-dy-fi-ka-cja): \T1/lmr/m/n/12 ak-tu-ali-za-cja war
-to-±ci (nad-pi-sa-nie re-kordu) pod
 []


Underfull \hbox (badness 1454) in paragraph at lines 93--94
[]\T1/lmr/m/n/12 W me-to-dyce ba-da« wpro-wa-dzono istotne ogra-ni-cze-nie sys-
te-mowe do-ty-cz¡ce
 []


LaTeX Warning: Reference `tab:zakres_i_ograniczenia' on page 53 undefined on in
put line 101.


Overfull \hbox (180.63312pt too wide) in paragraph at lines 105--119
 [][] 
 []


Underfull \hbox (badness 4254) in paragraph at lines 124--125
\T1/lmr/m/n/12 Eksperymenty po-dzie-lono na dwa gªówne sce-na-riu-sze ró»-ni¡ce
 si¦ stop-niem
 []


Underfull \hbox (badness 3826) in paragraph at lines 129--130
\T1/lmr/m/n/12 prze-strze« ad-re-sow¡ oraz nie-za-le»ny in-ter-pre-ter, co po-z
wala na ge-ne-ro-wa-nie
 []


LaTeX Warning: Citation `love2010' on page 55 undefined on input line 132.


LaTeX Warning: Citation `kleppmann2017' on page 55 undefined on input line 132.



Underfull \hbox (badness 1838) in paragraph at lines 132--133
\T1/lmr/m/n/12 liczba ak-tyw-nych pro-ce-sów klienc-kich nie prze-kra-cza liczb
y do-st¦p-nych rdzeni
 []


Underfull \hbox (badness 3646) in paragraph at lines 134--135
\T1/lmr/m/n/12 ar-chi-tek-tury wdro-»e-nia. Bazy ser-we-rowe (np. Re-dis, Mem-c
a-ched, Co-uch-base,
 []


Underfull \hbox (badness 1552) in paragraph at lines 136--137
\T1/lmr/m/n/12 po-zio-mie ka-ta-logu bazy da-nych. Uru-cho-mie-nie dru-giego pr
o-cesu klienc-kiego
 []


Underfull \hbox (badness 1472) in paragraph at lines 136--137
\T1/lmr/m/n/12 pró-bu-j¡-cego uzy-ska¢ do-st¦p do za-pisu w tej sa-mej ba-zie d
a-nych skut-kuje
 []


Underfull \hbox (badness 4792) in paragraph at lines 136--137
\T1/lmr/m/n/12 wie-lo-pro-ce-sowy. Wpraw-dzie sil-nik RocksDB ofe-ruje teo-re-t
yczn¡ mo»-li-wo±¢
 []


Underfull \hbox (badness 5288) in paragraph at lines 137--138
[]\T1/lmr/bx/n/12 BerkeleyDB: \T1/lmr/m/n/12 Jako je-dyna z ba-da-nych bi-blio-
tek osa-dzo-nych udo-st¦p-nia
 []


Underfull \hbox (badness 1546) in paragraph at lines 143--144
[]\T1/lmr/bx/n/12 Przepustowo±¢ (Thro-ugh-put): \T1/lmr/m/n/12 liczba po-praw-n
ie ob-sªu-»o-nych ope-ra-cji na
 []


Underfull \hbox (badness 1515) in paragraph at lines 145--146
[]\T1/lmr/bx/n/12 Zu»ycie za-so-bów (Re-so-urce Uti-li-za-tion): \T1/lmr/m/n/12
 pro-cen-towe zu-»y-cie pro-ce-sora
 []


Underfull \hbox (badness 2165) in paragraph at lines 145--146
\T1/lmr/m/n/12 (Block I/O) dla kon-te-nera bazy da-nych (ser-wer) oraz kon-te-n
era apli-ka-cji
 []


LaTeX Warning: Reference `tab:resource_samples_skipped' on page 56 undefined on
 input line 148.

(magisterka/tabelka_zasobow_skipped.tex
Overfull \hbox (67.59117pt too wide) in paragraph at lines 4--26
 [][] 
 []

)
Underfull \hbox (badness 10000) in paragraph at lines 152--152
|\T1/lmr/bx/n/14.4 4.11. Im-ple-men-ta-cja i opty-ma-li-za-cja pro-ce-dur
 []


Underfull \hbox (badness 10000) in paragraph at lines 161--162
[]\T1/lmr/m/n/12 Wyª¡czenie me-cha-ni-zmów au-to-ma-tycz-nego usu-wa-nia klu-cz
y
 []


Underfull \hbox (badness 10000) in paragraph at lines 161--162
\T1/lmr/m/n/12 oraz re-or-ga-ni-za-cji pa-mi¦ci pod-r¦cz-nej po-przez pa-ra-me-
try \T1/lmtt/m/n/12 -o
 []


Underfull \hbox (badness 4403) in paragraph at lines 164--164
|\T1/lmr/bx/n/14.4 4.11.2 Ob-sªuga za-klesz-cze« i kon-fi-gu-ra-cja trans-ak-cj
i w
 []


Underfull \hbox (badness 10000) in paragraph at lines 167--168
[]\T1/lmr/m/n/12 Aby za-pew-ni¢ sta-bil-no±¢ prze-biegu po-mia-rów bez przed-wc
ze-snego
 []


Underfull \hbox (badness 4621) in paragraph at lines 167--168
\T1/lmr/m/n/12 Po-nadto w kon-fi-gu-ra-cji ±ro-do-wi-ska bazy da-nych (\T1/lmtt
/m/n/12 DBEnv\T1/lmr/m/n/12 ) za-sto-so-wano flag¦
 []


Underfull \hbox (badness 2318) in paragraph at lines 167--168
\T1/lmtt/m/n/12 DB_TXN_WRITE_NOSYNC\T1/lmr/m/n/12 , która in-stru-uje sil-nik, 
aby za-pi-sy-waª logi trans-ak-cyjne
 []


Underfull \hbox (badness 4341) in paragraph at lines 169--170
[]\T1/lmr/m/n/12 W celu umo»-li-wie-nia bez-piecz-nego, rów-no-le-gªego do-st¦p
u wielu pro-ce-sów
 []


Underfull \hbox (badness 1852) in paragraph at lines 169--170
\T1/lmr/m/n/12 pli-ków (ang. \T1/lmr/m/it/12 data cor-rup-tion\T1/lmr/m/n/12 ),
 ko-nieczne byªo skon-fi-gu-ro-wa-nie wspóª-dzie-lo-nego
 []


Underfull \hbox (badness 3302) in paragraph at lines 169--170
\T1/lmr/m/n/12 ±ro-do-wi-ska Ber-ke-leyDB (\T1/lmtt/m/n/12 DBEnv\T1/lmr/m/n/12 
). Do-my±lne uru-cho-mie-nie bazy bez wª¡-cze-nia
 []


Underfull \hbox (badness 7522) in paragraph at lines 169--170
\T1/lmr/m/n/12 a w kon-se-kwen-cji nie-od-wra-cal-nym uszko-dze-niem da-nych. Z
 tego wzgl¦du
 []


Underfull \hbox (badness 1681) in paragraph at lines 172--173
\T1/lmr/m/n/12 od-po-wia-da-j¡-cego za struk-tury da-nych w pa-mi¦ci. Po-nadto,
 w celu unik-ni¦-cia
 []


Underfull \hbox (badness 1728) in paragraph at lines 174--175
[]\T1/lmtt/m/n/12 kv\T1/lmr/m/n/12 : prze-strze« prze-zna-czona do pro-stego pr
ze-cho-wy-wa-nia par klucz-warto±¢
 []


Underfull \hbox (badness 7451) in paragraph at lines 182--183
[]\T1/lmtt/m/n/12 doc_increment_field\T1/lmr/m/n/12 : in-kre-men-tuje war-to±¢ 
wska-za-nego pola licz-bo-wego
 []


Underfull \hbox (badness 7540) in paragraph at lines 183--184
[]\T1/lmtt/m/n/12 doc_get_field\T1/lmr/m/n/12 : po-biera war-to±¢ kon-kret-nego
 pola z do-ku-mentu JSON
 []


Underfull \hbox (badness 4132) in paragraph at lines 185--186
\T1/lmr/m/n/12 Dzi¦ki za-sto-so-wa-niu kom-pi-la-tora Lu-aJIT w sil-niku Ta-ran
-tool, pro-ce-dury te
 []


Underfull \hbox (badness 1824) in paragraph at lines 189--190
\T1/lmr/m/n/12 oraz funk-cjo-nal-nych po-szcze-gól-nych roz-wi¡-za«, a tak»e be
z-po-±red-nie wª¡-cze-nie
 []


Underfull \hbox (badness 3724) in paragraph at lines 189--190
\T1/lmr/m/n/12 wy-ni-ków wy-daj-no-±cio-wych do ko«-co-wej oceny. Wszyst-kie ka
-te-go-rie sta-tyczne
 []


Underfull \hbox (badness 4291) in paragraph at lines 195--196
\T1/lmr/m/n/12 wy-ko-rzy-sta-nia sys-temu w pro-jek-tach ko-mer-cyj-nych i wªa-
sno-±cio-wych bez
 []


Underfull \hbox (badness 4036) in paragraph at lines 197--198
\T1/lmr/m/n/12 z za-cho-wa-niem peª-nej izo-la-cji. Ocena 150 punk-tów ozna-cza
 uprosz-czon¡
 []


Underfull \hbox (badness 2582) in paragraph at lines 224--225
\T1/lmr/m/n/12 struk-tury da-nych po stro-nie ser-wera bazy da-nych (np. Re-dis
, Ta-ran-tool,
 []


LaTeX Warning: Reference `tab:punktacja_statyczna' on page 62 undefined on inpu
t line 231.


Underfull \hbox (badness 4168) in paragraph at lines 231--232
\T1/lmr/m/n/12 Tabela [] przed-sta-wia ba-zow¡ punk-ta-cj¦ architektoniczno-fun
kcjonaln¡ przed
 []


Overfull \hbox (79.55229pt too wide) in paragraph at lines 235--249
 [][] 
 []


Underfull \hbox (badness 2717) in paragraph at lines 261--262
[]\T1/lmr/bx/n/12 Wsparcie dla trans-ak-cji ACID (300 pkt): \T1/lmr/m/n/12 Mimo
 braku kla-sycz-nego
 []


Underfull \hbox (badness 2662) in paragraph at lines 262--263
[]\T1/lmr/bx/n/12 Dodatkowe funk-cjo-nal-no-±ci i uni-kal-no±¢ (500 pkt): \T1/l
mr/m/n/12 Ofe-ro-wany jest
 []


Underfull \hbox (badness 1917) in paragraph at lines 280--281
[]\T1/lmr/bx/n/12 Dodatkowe funk-cjo-nal-no-±ci i uni-kal-no±¢ (0 pkt): \T1/lmr
/m/n/12 Pod-sta-wowy sil-nik
 []


Underfull \hbox (badness 5771) in paragraph at lines 289--290
[]\T1/lmr/bx/n/12 Dodatkowe funk-cjo-nal-no-±ci i uni-kal-no±¢ (250 pkt): \T1/l
mr/m/n/12 Roz-bu-do-wane
 []

)
Rozdzia\l  5.
(magisterka/wyniki.tex
Underfull \hbox (badness 4779) in paragraph at lines 15--16
\T1/lmr/m/n/12 Li-nux (Ubuntu) zo-staªa prze-pro-wa-dzona w po-dziale na trzy g
ªówne klasy
 []


LaTeX Warning: Reference `fig:inmemory_payload' on page 68 undefined on input l
ine 23.


LaTeX Warning: Reference `fig:inmemory_advanced' on page 68 undefined on input 
line 23.


Underfull \hbox (badness 2626) in paragraph at lines 23--24
[]\T1/lmr/m/n/12 Na ry-sunku [] za-pre-zen-to-wano po-rów-na-nie wpªywu roz-mia
ru re-kordu na
 []


Underfull \hbox (badness 2165) in paragraph at lines 23--24
\T1/lmr/m/n/12 prze-pu-sto-wo±¢ dla sil-ni-ków in-memory, na-to-miast ry-su-nek
 [] przed-sta-wia ich
 []


Overfull \hbox (2.77802pt too wide) in paragraph at lines 27--27
[]\T1/lmr/m/n/10 (a)
 []


Overfull \hbox (14.08324pt too wide) in paragraph at lines 27--27
\T1/lmr/m/n/10 Re-dis 
 []


Overfull \hbox (3.33351pt too wide) in paragraph at lines 28--28
[]\T1/lmr/m/n/10 (b)
 []


Overfull \hbox (41.1112pt too wide) in paragraph at lines 28--28
\T1/lmr/m/n/10 Mem-ca-ched 
 []


Overfull \hbox (2.77802pt too wide) in paragraph at lines 35--35
[]\T1/lmr/m/n/10 (a)
 []


Overfull \hbox (14.08324pt too wide) in paragraph at lines 35--35
\T1/lmr/m/n/10 Re-dis 
 []


Overfull \hbox (3.33351pt too wide) in paragraph at lines 36--36
[]\T1/lmr/m/n/10 (b)
 []


Overfull \hbox (41.1112pt too wide) in paragraph at lines 36--36
\T1/lmr/m/n/10 Mem-ca-ched 
 []


Underfull \hbox (badness 3713) in paragraph at lines 43--46
\T1/lmr/m/n/12 pro-fil wy-daj-no-±ciowy. Za-równo Le-velDB, jak i RocksDB osi¡-
gaªy naj-wy»-sze
 []


LaTeX Warning: Reference `fig:embedded_payload' on page 69 undefined on input l
ine 47.


LaTeX Warning: Reference `fig:embedded_advanced' on page 69 undefined on input 
line 47.


Underfull \hbox (badness 2626) in paragraph at lines 47--48
[]\T1/lmr/m/n/12 Na ry-sunku [] za-pre-zen-to-wano po-rów-na-nie wpªywu roz-mia
ru re-kordu na
 []


Overfull \hbox (2.77802pt too wide) in paragraph at lines 51--51
[]\T1/lmr/m/n/10 (a)
 []


Overfull \hbox (27.63896pt too wide) in paragraph at lines 51--51
\T1/lmr/m/n/10 Le-velDB 
 []


Overfull \hbox (3.33351pt too wide) in paragraph at lines 52--52
[]\T1/lmr/m/n/10 (b)
 []


Overfull \hbox (30.74997pt too wide) in paragraph at lines 52--52
\T1/lmr/m/n/10 RocksDB 
 []


Overfull \hbox (2.22252pt too wide) in paragraph at lines 53--53
[]\T1/lmr/m/n/10 (c)
 []


Overfull \hbox (42.11111pt too wide) in paragraph at lines 53--53
\T1/lmr/m/n/10 Ber-ke-leyDB 
 []


Overfull \hbox (2.77802pt too wide) in paragraph at lines 60--60
[]\T1/lmr/m/n/10 (a)
 []


Overfull \hbox (27.63896pt too wide) in paragraph at lines 60--60
\T1/lmr/m/n/10 Le-velDB 
 []


Overfull \hbox (3.33351pt too wide) in paragraph at lines 61--61
[]\T1/lmr/m/n/10 (b)
 []


Overfull \hbox (30.74997pt too wide) in paragraph at lines 61--61
\T1/lmr/m/n/10 RocksDB 
 []


Overfull \hbox (2.22252pt too wide) in paragraph at lines 62--62
[]\T1/lmr/m/n/10 (c)
 []


Overfull \hbox (42.11111pt too wide) in paragraph at lines 62--62
\T1/lmr/m/n/10 Ber-ke-leyDB 
 []


Underfull \hbox (badness 10000) in paragraph at lines 67--67
|\T1/lmr/bx/n/14.4 5.2.3 Za-awan-so-wane bazy hy-bry-dowe i roz-pro-szone
 []


LaTeX Warning: Reference `fig:hybrid_payload' on page 69 undefined on input lin
e 73.


LaTeX Warning: Reference `fig:hybrid_advanced' on page 69 undefined on input li
ne 73.


Underfull \hbox (badness 2626) in paragraph at lines 73--74
[]\T1/lmr/m/n/12 Na ry-sunku [] za-pre-zen-to-wano po-rów-na-nie wpªywu roz-mia
ru re-kordu na
 []


Overfull \hbox (2.77802pt too wide) in paragraph at lines 77--77
[]\T1/lmr/m/n/10 (a)
 []


Overfull \hbox (32.52759pt too wide) in paragraph at lines 77--77
\T1/lmr/m/n/10 Ta-ran-tool 
 []


Overfull \hbox (3.33351pt too wide) in paragraph at lines 78--78
[]\T1/lmr/m/n/10 (b)
 []


Overfull \hbox (36.16641pt too wide) in paragraph at lines 78--78
\T1/lmr/m/n/10 Co-uch-base 
 []


Overfull \hbox (2.22252pt too wide) in paragraph at lines 79--79
[]\T1/lmr/m/n/10 (c)
 []


Overfull \hbox (54.30539pt too wide) in paragraph at lines 79--79
\T1/lmr/m/n/10 Fo-un-da-tionDB 
 []


Overfull \hbox (2.77802pt too wide) in paragraph at lines 86--86
[]\T1/lmr/m/n/10 (a)
 []


Overfull \hbox (32.52759pt too wide) in paragraph at lines 86--86
\T1/lmr/m/n/10 Ta-ran-tool 
 []


Overfull \hbox (3.33351pt too wide) in paragraph at lines 87--87
[]\T1/lmr/m/n/10 (b)
 []


Overfull \hbox (36.16641pt too wide) in paragraph at lines 87--87
\T1/lmr/m/n/10 Co-uch-base 
 []


Overfull \hbox (2.22252pt too wide) in paragraph at lines 88--88
[]\T1/lmr/m/n/10 (c)
 []


Overfull \hbox (54.30539pt too wide) in paragraph at lines 88--88
\T1/lmr/m/n/10 Fo-un-da-tionDB 
 []


LaTeX Warning: Reference `chap:dodatek_tabele_wsl' on page 70 undefined on inpu
t line 100.


LaTeX Warning: Reference `fig:inmemory_payload_wsl' on page 70 undefined on inp
ut line 104.


LaTeX Warning: Reference `fig:inmemory_advanced_wsl' on page 70 undefined on in
put line 104.


Underfull \hbox (badness 6893) in paragraph at lines 104--105
\T1/lmr/m/n/12 Na ry-sunku [] za-pre-zen-to-wano po-rów-na-nie wpªywu roz-miaru
 re-kordu na
 []


Overfull \hbox (2.77802pt too wide) in paragraph at lines 108--108
[]\T1/lmr/m/n/10 (a)
 []


Overfull \hbox (14.08324pt too wide) in paragraph at lines 108--108
\T1/lmr/m/n/10 Re-dis 
 []


Overfull \hbox (3.33351pt too wide) in paragraph at lines 109--109
[]\T1/lmr/m/n/10 (b)
 []


Overfull \hbox (41.1112pt too wide) in paragraph at lines 109--109
\T1/lmr/m/n/10 Mem-ca-ched 
 []


Overfull \hbox (2.77802pt too wide) in paragraph at lines 116--116
[]\T1/lmr/m/n/10 (a)
 []


Overfull \hbox (14.08324pt too wide) in paragraph at lines 116--116
\T1/lmr/m/n/10 Re-dis 
 []


Overfull \hbox (3.33351pt too wide) in paragraph at lines 117--117
[]\T1/lmr/m/n/10 (b)
 []


Overfull \hbox (41.1112pt too wide) in paragraph at lines 117--117
\T1/lmr/m/n/10 Mem-ca-ched 
 []


LaTeX Warning: Reference `fig:embedded_payload_wsl' on page 71 undefined on inp
ut line 124.


LaTeX Warning: Reference `fig:embedded_advanced_wsl' on page 71 undefined on in
put line 124.


Underfull \hbox (badness 6893) in paragraph at lines 124--125
\T1/lmr/m/n/12 Na ry-sunku [] za-pre-zen-to-wano po-rów-na-nie wpªywu roz-miaru
 re-kordu na
 []


Overfull \hbox (2.77802pt too wide) in paragraph at lines 128--128
[]\T1/lmr/m/n/10 (a)
 []


Overfull \hbox (27.63896pt too wide) in paragraph at lines 128--128
\T1/lmr/m/n/10 Le-velDB 
 []


Overfull \hbox (3.33351pt too wide) in paragraph at lines 129--129
[]\T1/lmr/m/n/10 (b)
 []


Overfull \hbox (30.74997pt too wide) in paragraph at lines 129--129
\T1/lmr/m/n/10 RocksDB 
 []


Overfull \hbox (2.22252pt too wide) in paragraph at lines 130--130
[]\T1/lmr/m/n/10 (c)
 []


Overfull \hbox (42.11111pt too wide) in paragraph at lines 130--130
\T1/lmr/m/n/10 Ber-ke-leyDB 
 []


Overfull \hbox (2.77802pt too wide) in paragraph at lines 137--137
[]\T1/lmr/m/n/10 (a)
 []


Overfull \hbox (27.63896pt too wide) in paragraph at lines 137--137
\T1/lmr/m/n/10 Le-velDB 
 []


Overfull \hbox (3.33351pt too wide) in paragraph at lines 138--138
[]\T1/lmr/m/n/10 (b)
 []


Overfull \hbox (30.74997pt too wide) in paragraph at lines 138--138
\T1/lmr/m/n/10 RocksDB 
 []


Overfull \hbox (2.22252pt too wide) in paragraph at lines 139--139
[]\T1/lmr/m/n/10 (c)
 []


Overfull \hbox (42.11111pt too wide) in paragraph at lines 139--139
\T1/lmr/m/n/10 Ber-ke-leyDB 
 []


Underfull \hbox (badness 10000) in paragraph at lines 144--144
|\T1/lmr/bx/n/14.4 5.3.3 Za-awan-so-wane bazy hy-bry-dowe i roz-pro-szone
 []


LaTeX Warning: Reference `fig:hybrid_payload_wsl' on page 71 undefined on input
 line 146.


LaTeX Warning: Reference `fig:hybrid_advanced_wsl' on page 71 undefined on inpu
t line 146.


Underfull \hbox (badness 6893) in paragraph at lines 146--147
\T1/lmr/m/n/12 Na ry-sunku [] za-pre-zen-to-wano po-rów-na-nie wpªywu roz-miaru
 re-kordu na
 []


Overfull \hbox (2.77802pt too wide) in paragraph at lines 150--150
[]\T1/lmr/m/n/10 (a)
 []


Overfull \hbox (32.52759pt too wide) in paragraph at lines 150--150
\T1/lmr/m/n/10 Ta-ran-tool 
 []


Overfull \hbox (3.33351pt too wide) in paragraph at lines 151--151
[]\T1/lmr/m/n/10 (b)
 []


Overfull \hbox (36.16641pt too wide) in paragraph at lines 151--151
\T1/lmr/m/n/10 Co-uch-base 
 []


Overfull \hbox (2.22252pt too wide) in paragraph at lines 152--152
[]\T1/lmr/m/n/10 (c)
 []


Overfull \hbox (54.30539pt too wide) in paragraph at lines 152--152
\T1/lmr/m/n/10 Fo-un-da-tionDB 
 []


Overfull \hbox (2.77802pt too wide) in paragraph at lines 159--159
[]\T1/lmr/m/n/10 (a)
 []


Overfull \hbox (32.52759pt too wide) in paragraph at lines 159--159
\T1/lmr/m/n/10 Ta-ran-tool 
 []


Overfull \hbox (3.33351pt too wide) in paragraph at lines 160--160
[]\T1/lmr/m/n/10 (b)
 []


Overfull \hbox (36.16641pt too wide) in paragraph at lines 160--160
\T1/lmr/m/n/10 Co-uch-base 
 []


Overfull \hbox (2.22252pt too wide) in paragraph at lines 161--161
[]\T1/lmr/m/n/10 (c)
 []


Overfull \hbox (54.30539pt too wide) in paragraph at lines 161--161
\T1/lmr/m/n/10 Fo-un-da-tionDB 
 []


Underfull \hbox (badness 10000) in paragraph at lines 162--162
 []\T1/lmr/m/n/10.95 Rysunek 5.12.[][][]Wydajno±¢ baz hy-bry-do-wych i roz-pro-
szo-nych w sce-na-riu-szach 
 []


LaTeX Warning: Reference `fig:wsl_resources_small_1m' on page 72 undefined on i
nput line 168.


LaTeX Warning: Reference `fig:wsl_resources_medium_100k' on page 72 undefined o
n input line 168.


Underfull \hbox (badness 1596) in paragraph at lines 168--169
\T1/lmr/m/n/12 Przebieg se-kun-do-wego zu-»y-cia za-so-bów w cza-sie dla naj-wi
¦k-szych wo-lu-me-nów
 []


Overfull \hbox (2.77802pt too wide) in paragraph at lines 172--172
[]\T1/lmr/m/n/10 (a)
 []


Overfull \hbox (14.08324pt too wide) in paragraph at lines 172--172
\T1/lmr/m/n/10 Re-dis 
 []


Overfull \hbox (3.33351pt too wide) in paragraph at lines 173--173
[]\T1/lmr/m/n/10 (b)
 []


Overfull \hbox (32.52759pt too wide) in paragraph at lines 173--173
\T1/lmr/m/n/10 Ta-ran-tool 
 []


Overfull \hbox (2.22252pt too wide) in paragraph at lines 174--174
[]\T1/lmr/m/n/10 (c)
 []


Overfull \hbox (42.11111pt too wide) in paragraph at lines 174--174
\T1/lmr/m/n/10 Ber-ke-leyDB 
 []


Overfull \hbox (3.33351pt too wide) in paragraph at lines 175--175
[]\T1/lmr/m/n/10 (d)
 []


Overfull \hbox (36.16641pt too wide) in paragraph at lines 175--175
\T1/lmr/m/n/10 Co-uch-base 
 []


Overfull \hbox (2.22252pt too wide) in paragraph at lines 176--176
[]\T1/lmr/m/n/10 (e)
 []


Overfull \hbox (54.30539pt too wide) in paragraph at lines 176--176
\T1/lmr/m/n/10 Fo-un-da-tionDB 
 []


Overfull \hbox (2.77802pt too wide) in paragraph at lines 183--183
[]\T1/lmr/m/n/10 (a)
 []


Overfull \hbox (14.08324pt too wide) in paragraph at lines 183--183
\T1/lmr/m/n/10 Re-dis 
 []


Overfull \hbox (3.33351pt too wide) in paragraph at lines 184--184
[]\T1/lmr/m/n/10 (b)
 []


Overfull \hbox (32.52759pt too wide) in paragraph at lines 184--184
\T1/lmr/m/n/10 Ta-ran-tool 
 []


Overfull \hbox (2.22252pt too wide) in paragraph at lines 185--185
[]\T1/lmr/m/n/10 (c)
 []


Overfull \hbox (42.11111pt too wide) in paragraph at lines 185--185
\T1/lmr/m/n/10 Ber-ke-leyDB 
 []


Overfull \hbox (3.33351pt too wide) in paragraph at lines 186--186
[]\T1/lmr/m/n/10 (d)
 []


Overfull \hbox (36.16641pt too wide) in paragraph at lines 186--186
\T1/lmr/m/n/10 Co-uch-base 
 []


Overfull \hbox (2.22252pt too wide) in paragraph at lines 187--187
[]\T1/lmr/m/n/10 (e)
 []


Overfull \hbox (54.30539pt too wide) in paragraph at lines 187--187
\T1/lmr/m/n/10 Fo-un-da-tionDB 
 []


Underfull \hbox (badness 6188) in paragraph at lines 205--206
\T1/lmr/m/n/12 oraz cha-rak-te-ry-styki za-so-bo-chªon-no-±ci wszyst-kich o±miu
 ba-da-nych sys-te-mów
 []


Underfull \hbox (badness 1478) in paragraph at lines 205--206
\T1/lmr/m/n/12 oraz mak-sy-malna wspóª-bie»-no±¢ 8 pro-ce-sów klienc-kich, z wy
-j¡t-kiem sys-te-mów
 []


LaTeX Warning: Reference `tab:porownanie_crud_wsl' on page 73 undefined on inpu
t line 207.


LaTeX Warning: Reference `tab:porownanie_crud_ubuntu' on page 73 undefined on i
nput line 207.

(magisterka/tabelka_porownawcza_wydajnosc_wsl.tex
Overfull \hbox (200.351pt too wide) in paragraph at lines 4--22
 [][] 
 []

) (magisterka/tabelka_porownawcza_wydajnosc_ubuntu.tex
Overfull \hbox (200.351pt too wide) in paragraph at lines 4--22
 [][] 
 []

)

LaTeX Warning: Reference `tab:porownanie_zasobow_wsl' on page 73 undefined on i
nput line 212.


LaTeX Warning: Reference `tab:porownanie_zasobow_ubuntu' on page 73 undefined o
n input line 212.

(magisterka/tabelka_porownawcza_zasoby_wsl.tex
Overfull \hbox (162.98164pt too wide) in paragraph at lines 4--22
 [][] 
 []

) (magisterka/tabelka_porownawcza_zasoby_ubuntu.tex
Overfull \hbox (162.98164pt too wide) in paragraph at lines 4--22
 [][] 
 []

)

LaTeX Warning: Reference `tab:ranking_koncowy' on page 74 undefined on input li
ne 222.

(magisterka/tabelka_ranking_koncowy.tex
Overfull \hbox (128.4078pt too wide) in paragraph at lines 4--20
 [][] 
 []


Underfull \hbox (badness 2111) in paragraph at lines 20--20
 []\T1/lmr/m/n/10.95 Tabela 13.[][][]Ko«cowy ran-king wie-lo-kry-te-rialny ba-d
a-nych sys-te-mów ba-zo-da-no-wych na 
 []

)
Underfull \hbox (badness 3735) in paragraph at lines 229--230
\T1/lmr/m/n/12 Po-dob-nie jak Re-dis, ofe-ruje na-tywne za-awan-so-wane struk-t
ury da-nych, a
 []

)
Rozdzia\l  6.
(magisterka/dyskusja.tex
Underfull \hbox (badness 10000) in paragraph at lines 1--2
\T1/lmr/m/n/12 Rozdziaª ten jest po-±wi¦-cony szcze-gó-ªo-wej ana-li-zie uzy-sk
a-nych re-zul-ta-tów
 []


LaTeX Warning: Citation `oneil1996' on page 77 undefined on input line 4.


Underfull \hbox (badness 4060) in paragraph at lines 4--5
\T1/lmr/m/n/12 Wykazano bez-po-±red-ni¡ ko-re-la-cj¦ po-mi¦-dzy we-wn¦trzn¡ ar-
chi-tek-tur¡ sil-ni-ków
 []


Underfull \hbox (badness 2293) in paragraph at lines 8--9
[]\T1/lmr/m/n/12 Skutkuje to zna-cz¡-cym wzro-stem opó¹-nie« ogo-no-wych (ang. 
\T1/lmr/m/it/12 tail la-tency\T1/lmr/m/n/12 ),
 []


Underfull \hbox (badness 1648) in paragraph at lines 8--9
\T1/lmr/m/n/12 wi-docz-nym w po-staci na-gªych pi-ków w cen-ty-lach opó¹-nie« p
95 oraz p99,
 []


Underfull \hbox (badness 1546) in paragraph at lines 13--14
\T1/lmr/m/n/12 2 wy-ka-zaªo istotne ró»-nice w za-le»-no-±ci od pro-filu ob-ci¡
-»e-nia (I/O-bound vs
 []


Underfull \hbox (badness 1997) in paragraph at lines 15--16
\T1/lmr/m/n/12 wir-tu-al-nego lo-op-backu w WSL 2, wy-ko-rzy-stu-j¡ca me-cha-ni
zm AF_VSOCK
 []


Underfull \hbox (badness 2150) in paragraph at lines 15--16
\T1/lmr/m/n/12 Win-dows, po-zwo-liªa na uzy-ska-nie bar-dzo ni-skich na-rzu-tów
. Dla sys-te-mów
 []


Underfull \hbox (badness 1783) in paragraph at lines 17--18
\T1/lmr/m/n/12 wir-tu-ali-za-cji (mikro-hiperwizor Hyper-V) wpro-wa-dza na-rzut
 na prze-ª¡-cza-nie
 []


Underfull \hbox (badness 7888) in paragraph at lines 22--23
\T1/lmr/m/n/12 Na pod-sta-wie prze-pro-wa-dzo-nych ba-da« sfor-mu-ªo-wano na-st
¦-pu-j¡ce za-le-ce-nia
 []


Underfull \hbox (badness 3769) in paragraph at lines 29--30
[]\T1/lmr/bx/n/12 Systemy kry-tyczne wy-ma-ga-j¡ce glo-bal-nej spój-no-±ci tran
s-ak-cyj-nej
 []


Underfull \hbox (badness 5077) in paragraph at lines 29--30
\T1/lmr/bx/n/12 (ACID): \T1/lmr/m/n/12 Re-ko-men-do-wa-nym wy-bo-rem jest \T1/l
mr/bx/n/12 Fo-un-da-tionDB\T1/lmr/m/n/12 , gwa-ran-tu-j¡ca
 []


Underfull \hbox (badness 2538) in paragraph at lines 35--36
\T1/lmr/m/n/12 ry-wa-li-za-cj¦ o za-soby pa-mi¦ci pod-r¦cz-nej pro-ce-sora (CPU
 ca-che L3) oraz
 []


Underfull \hbox (badness 10000) in paragraph at lines 35--36
\T1/lmr/m/n/12 prze-pu-sto-wo±¢ ma-gi-strali pa-mi¦ci RAM. W rze-czy-wi-stych w
dro-»e-niach
 []


Underfull \hbox (badness 2781) in paragraph at lines 36--37
[]\T1/lmr/bx/n/12 Skalowanie pio-nowe za-miast po-zio-mego: \T1/lmr/m/n/12 Eks-
pe-ry-menty kon-cen-tro-waªy
 []


Underfull \hbox (badness 2521) in paragraph at lines 36--37
\T1/lmr/m/n/12 si¦ na ba-da-niu wy-daj-no-±ci w ob-r¦-bie jed-nego w¦-zªa (ska-
lo-wa-nie pio-nowe
 []


Underfull \hbox (badness 2717) in paragraph at lines 36--37
\T1/lmr/m/n/12 -- pio-nowa alo-ka-cja rdzeni CPU). Ogra-ni-cza to mo»-li-wo±¢ b
ez-po-±red-niego
 []


Underfull \hbox (badness 4181) in paragraph at lines 37--38
[]\T1/lmr/bx/n/12 Syntetyczny pro-fil ob-ci¡-»e-nia: \T1/lmr/m/n/12 Za-sto-so-w
any bench-mark opiera si¦ na
 []


Underfull \hbox (badness 3068) in paragraph at lines 37--38
\T1/lmr/m/n/12 roz-mia-rze re-kordu (128 baj-tów oraz 4 KB). W rze-czy-wi-stych
 sys-te-mach
 []


Underfull \hbox (badness 4819) in paragraph at lines 38--39
[]\T1/lmr/bx/n/12 Uproszczenia emu-la-cji struk-tur da-nych: \T1/lmr/m/n/12 Ope
-ra-cje na ko-lejce FIFO
 []


Underfull \hbox (badness 1552) in paragraph at lines 38--39
\T1/lmr/m/n/12 uwy-pu-kla wady roz-wi¡-za« emu-lo-wa-nych, ale ogra-ni-cza ocen
¦ sa-mej czy-stej
 []

)
Rozdzia\l  7.
(podsumowanie.tex
Underfull \hbox (badness 2012) in paragraph at lines 1--2
\T1/lmr/m/n/12 Niniejsza praca dy-plo-mowa zre-ali-zo-wana zo-staªa zgod-nie z 
za-ªo-»o-nymi ce-lami
 []


Underfull \hbox (badness 4454) in paragraph at lines 3--4
[]\T1/lmr/m/n/12 W ra-mach pracy za-pro-jek-to-wano i za-im-ple-men-to-wano au-
tor-sk¡ apli-ka-cj¦
 []


Underfull \hbox (badness 4144) in paragraph at lines 3--4
\T1/lmr/m/n/12 bench-mar-ku-j¡c¡ w j¦-zyku Py-thon. Na-rz¦-dzie to umo»-li-wiªo
 prze-pro-wa-dze-nie
 []


Underfull \hbox (badness 1648) in paragraph at lines 3--4
\T1/lmr/m/n/12 zró»-ni-co-wa-nych te-stów wy-daj-no-±cio-wych (ope-ra-cje CRUD,
 ob-ci¡-»e-nia mie-szane,
 []


Underfull \hbox (badness 3482) in paragraph at lines 7--8
[]\T1/lmr/bx/n/12 Wpªyw ar-chi-tek-tury na wy-daj-no±¢: \T1/lmr/m/n/12 Sys-temy
 ope-ru-j¡ce w ca-ªo-±ci w
 []


Underfull \hbox (badness 2005) in paragraph at lines 9--10
\T1/lmr/m/n/12 rów-nie» uni-kalne ce-chy sys-temu Ber-ke-leyDB, b¦-d¡-cej je-dy
-nym te-sto-wa-nym
 []


Underfull \hbox (badness 10000) in paragraph at lines 14--15
[]\T1/lmr/bx/n/12 Badania w ±ro-do-wi-sku roz-pro-szo-nym (ska-lo-wa-nie po-zio
me):
 []


Underfull \hbox (badness 10000) in paragraph at lines 14--15
\T1/lmr/m/n/12 Prze-pro-wa-dze-nie ana-lo-gicz-nych po-mia-rów dla sys-te-mów k
la-stro-wych z
 []


Underfull \hbox (badness 4940) in paragraph at lines 16--17
[]\T1/lmr/bx/n/12 Zªo»one pro-file ob-ci¡-»e-nia: \T1/lmr/m/n/12 Za-im-ple-men-
to-wa-nie ge-ne-ra-tora ob-ci¡-»e« o
 []


Underfull \hbox (badness 6775) in paragraph at lines 16--17
\T1/lmr/m/n/12 roz-kªa-dzie nie-sy-me-trycz-nym (np. roz-kªad Zipfa) w celu do-
kªad-niej-szego
 []

) (bibliografia.tex
Underfull \hbox (badness 2237) in paragraph at lines 4--5
[]\T1/lmr/m/n/10.95 Sadalage P. J., Fow-ler M., \T1/lmr/m/it/10.95 No-SQL Di-st
il-led: A Brief Gu-ide to the Emer-ging
 []


Underfull \hbox (badness 6859) in paragraph at lines 4--5
\T1/lmr/m/it/10.95 World of Po-ly-glot Per-si-stence\T1/lmr/m/n/10.95 , Addison
-Wesley, Bo-ston, 2012, do-st¦p on-line:
 []

LaTeX Font Info:    External font `lmex10' loaded for size
(Font)              <10.95> on input line 13.

Underfull \hbox (badness 1616) in paragraph at lines 13--14
[]\T1/lmr/m/n/10.95 Dean J., Ghe-ma-wat S., \T1/lmr/m/it/10.95 Le-velDB Key-Val
ue Store\T1/lmr/m/n/10.95 , Go-ogle, 2011, do-st¦p on-line:
 []


Underfull \hbox (badness 4168) in paragraph at lines 22--23
[]\T1/lmr/m/n/10.95 Tarantool Team, \T1/lmr/m/it/10.95 Ta-ran-tool Re-fe-rence 
Ma-nual\T1/lmr/m/n/10.95 , Ta-ran-tool, 2024, do-st¦p on-line:
 []

) (spisRysunkow.tex
No file main-autopp.lof.
No file main-autopp.lot.
) (dodatek.tex
Dodatek A.
Dodatek B.
(magisterka/plots/redis/wsl/latency_table_small_100000.tex
Overfull \hbox (202.44342pt too wide) in paragraph at lines 4--60
 [][] 
 []


LaTeX Warning: Float too large for page by 62.4801pt on input line 62.

) (magisterka/plots/redis/wsl/latency_table_small_1000000.tex
Overfull \hbox (202.44342pt too wide) in paragraph at lines 4--60
 [][] 
 []


LaTeX Warning: Float too large for page by 62.4801pt on input line 62.

) (magisterka/plots/redis/wsl/latency_table_medium_100000.tex
Overfull \hbox (202.44342pt too wide) in paragraph at lines 4--60
 [][] 
 []


LaTeX Warning: Float too large for page by 62.4801pt on input line 62.

) (magisterka/plots/redis/wsl/resource_table_small_1000000.tex
Overfull \hbox (275.76161pt too wide) in paragraph at lines 4--60
 [][] 
 []


LaTeX Warning: Float too large for page by 48.02605pt on input line 62.

) (magisterka/plots/redis/wsl/resource_table_medium_100000.tex
Overfull \hbox (275.76161pt too wide) in paragraph at lines 4--60
 [][] 
 []


LaTeX Warning: Float too large for page by 48.02605pt on input line 62.

) (magisterka/plots/memcached/wsl/latency_table_small_100000.tex
Overfull \hbox (202.44342pt too wide) in paragraph at lines 4--60
 [][] 
 []


LaTeX Warning: Float too large for page by 61.81078pt on input line 62.

) (magisterka/plots/memcached/wsl/latency_table_small_1000000.tex
Overfull \hbox (202.44342pt too wide) in paragraph at lines 4--60
 [][] 
 []


LaTeX Warning: Float too large for page by 61.81078pt on input line 62.

) (magisterka/plots/memcached/wsl/latency_table_medium_100000.tex
Overfull \hbox (202.44342pt too wide) in paragraph at lines 4--60
 [][] 
 []


LaTeX Warning: Float too large for page by 61.81078pt on input line 62.

) (magisterka/plots/memcached/wsl/resource_table_small_1000000.tex
Overfull \hbox (275.76161pt too wide) in paragraph at lines 4--60
 [][] 
 []


LaTeX Warning: Float too large for page by 48.02605pt on input line 62.

) (magisterka/plots/memcached/wsl/resource_table_medium_100000.tex
Overfull \hbox (275.76161pt too wide) in paragraph at lines 4--60
 [][] 
 []


LaTeX Warning: Float too large for page by 48.02605pt on input line 62.

) (magisterka/plots/leveldb/wsl/latency_table_small_100000.tex
Overfull \hbox (202.44342pt too wide) in paragraph at lines 4--24
 [][] 
 []

) (magisterka/plots/leveldb/wsl/latency_table_small_1000000.tex
Overfull \hbox (202.44342pt too wide) in paragraph at lines 4--24
 [][] 
 []

) (magisterka/plots/leveldb/wsl/latency_table_medium_100000.tex
Overfull \hbox (202.44342pt too wide) in paragraph at lines 4--24
 [][] 
 []

) (magisterka/plots/leveldb/wsl/resource_table_small_1000000.tex
Overfull \hbox (101.1627pt too wide) in paragraph at lines 4--24
 [][] 
 []

) (magisterka/plots/leveldb/wsl/resource_table_medium_100000.tex
Overfull \hbox (101.1627pt too wide) in paragraph at lines 4--24
 [][] 
 []

) (magisterka/plots/rocksdb/wsl/latency_table_small_100000.tex
Overfull \hbox (202.44342pt too wide) in paragraph at lines 4--24
 [][] 
 []

) (magisterka/plots/rocksdb/wsl/latency_table_small_1000000.tex
Overfull \hbox (202.44342pt too wide) in paragraph at lines 4--24
 [][] 
 []

) (magisterka/plots/rocksdb/wsl/latency_table_medium_100000.tex
Overfull \hbox (202.44342pt too wide) in paragraph at lines 4--24
 [][] 
 []

) (magisterka/plots/rocksdb/wsl/resource_table_small_1000000.tex
Overfull \hbox (101.1627pt too wide) in paragraph at lines 4--24
 [][] 
 []

) (magisterka/plots/rocksdb/wsl/resource_table_medium_100000.tex
Overfull \hbox (101.1627pt too wide) in paragraph at lines 4--24
 [][] 
 []

) (magisterka/plots/berkeleydb/wsl/latency_table_small_100000.tex
Overfull \hbox (202.44342pt too wide) in paragraph at lines 4--60
 [][] 
 []


LaTeX Warning: Float too large for page by 61.81078pt on input line 62.

) (magisterka/plots/berkeleydb/wsl/latency_table_small_1000000.tex
Overfull \hbox (202.44342pt too wide) in paragraph at lines 4--60
 [][] 
 []


LaTeX Warning: Float too large for page by 61.81078pt on input line 62.

) (magisterka/plots/berkeleydb/wsl/latency_table_medium_100000.tex
Overfull \hbox (202.44342pt too wide) in paragraph at lines 4--60
 [][] 
 []


LaTeX Warning: Float too large for page by 61.81078pt on input line 62.

) (magisterka/plots/berkeleydb/wsl/resource_table_small_1000000.tex
Overfull \hbox (101.1627pt too wide) in paragraph at lines 4--60
 [][] 
 []


Underfull \hbox (badness 10000) in paragraph at lines 60--60
 []\T1/lmr/m/n/10.95 Tabela 37.[][][]Zu»ycie za-so-bów kon-te-nera apli-ka-cji 
klienc-kiej (wbu-do-wany sil-nik 
 []


LaTeX Warning: Float too large for page by 61.62605pt on input line 62.

) (magisterka/plots/berkeleydb/wsl/resource_table_medium_100000.tex
Overfull \hbox (101.1627pt too wide) in paragraph at lines 4--60
 [][] 
 []


Underfull \hbox (badness 10000) in paragraph at lines 60--60
 []\T1/lmr/m/n/10.95 Tabela 38.[][][]Zu»ycie za-so-bów kon-te-nera apli-ka-cji 
klienc-kiej (wbu-do-wany sil-nik 
 []


LaTeX Warning: Float too large for page by 61.62605pt on input line 62.

) (magisterka/plots/tarantool/wsl/latency_table_small_100000.tex
Overfull \hbox (202.44342pt too wide) in paragraph at lines 4--60
 [][] 
 []


Underfull \hbox (badness 1584) in paragraph at lines 60--60
 []\T1/lmr/m/n/10.95 Tabela 39.[][][]Wyniki wy-daj-no-±ciowe i opó¹-nie-nia ope
-ra-cji bazy da-nych TA-RAN-TOOL 
 []


LaTeX Warning: Float too large for page by 61.81078pt on input line 62.

) (magisterka/plots/tarantool/wsl/latency_table_small_1000000.tex
Overfull \hbox (202.44342pt too wide) in paragraph at lines 4--60
 [][] 
 []


Underfull \hbox (badness 1584) in paragraph at lines 60--60
 []\T1/lmr/m/n/10.95 Tabela 40.[][][]Wyniki wy-daj-no-±ciowe i opó¹-nie-nia ope
-ra-cji bazy da-nych TA-RAN-TOOL 
 []


LaTeX Warning: Float too large for page by 61.81078pt on input line 62.

) (magisterka/plots/tarantool/wsl/latency_table_medium_100000.tex
Overfull \hbox (202.44342pt too wide) in paragraph at lines 4--60
 [][] 
 []


Underfull \hbox (badness 1584) in paragraph at lines 60--60
 []\T1/lmr/m/n/10.95 Tabela 41.[][][]Wyniki wy-daj-no-±ciowe i opó¹-nie-nia ope
-ra-cji bazy da-nych TA-RAN-TOOL 
 []


LaTeX Warning: Float too large for page by 61.81078pt on input line 62.

) (magisterka/plots/tarantool/wsl/resource_table_small_1000000.tex
Overfull \hbox (275.76161pt too wide) in paragraph at lines 4--60
 [][] 
 []


LaTeX Warning: Float too large for page by 48.02605pt on input line 62.

) (magisterka/plots/tarantool/wsl/resource_table_medium_100000.tex
Overfull \hbox (275.76161pt too wide) in paragraph at lines 4--60
 [][] 
 []


LaTeX Warning: Float too large for page by 48.02605pt on input line 62.

) (magisterka/plots/couchbase/wsl/latency_table_small_100000.tex
Overfull \hbox (202.44342pt too wide) in paragraph at lines 4--60
 [][] 
 []


LaTeX Warning: Float too large for page by 62.4801pt on input line 62.

) (magisterka/plots/couchbase/wsl/latency_table_small_1000000.tex
Overfull \hbox (202.44342pt too wide) in paragraph at lines 4--60
 [][] 
 []


LaTeX Warning: Float too large for page by 62.4801pt on input line 62.

) (magisterka/plots/couchbase/wsl/latency_table_medium_100000.tex
Overfull \hbox (202.44342pt too wide) in paragraph at lines 4--60
 [][] 
 []


LaTeX Warning: Float too large for page by 62.4801pt on input line 62.

) (magisterka/plots/couchbase/wsl/resource_table_small_1000000.tex
Overfull \hbox (275.76161pt too wide) in paragraph at lines 4--60
 [][] 
 []


LaTeX Warning: Float too large for page by 48.02605pt on input line 62.

) (magisterka/plots/couchbase/wsl/resource_table_medium_100000.tex
Overfull \hbox (275.76161pt too wide) in paragraph at lines 4--60
 [][] 
 []


LaTeX Warning: Float too large for page by 48.02605pt on input line 62.

) (magisterka/plots/foundationdb/wsl/latency_table_small_100000.tex
Overfull \hbox (202.44342pt too wide) in paragraph at lines 4--60
 [][] 
 []


LaTeX Warning: Float too large for page by 61.81078pt on input line 62.

) (magisterka/plots/foundationdb/wsl/latency_table_small_1000000.tex
Overfull \hbox (202.44342pt too wide) in paragraph at lines 4--60
 [][] 
 []


LaTeX Warning: Float too large for page by 61.81078pt on input line 62.

) (magisterka/plots/foundationdb/wsl/latency_table_medium_100000.tex
Overfull \hbox (202.44342pt too wide) in paragraph at lines 4--60
 [][] 
 []


LaTeX Warning: Float too large for page by 61.81078pt on input line 62.

) (magisterka/plots/foundationdb/wsl/resource_table_small_1000000.tex
Overfull \hbox (275.76161pt too wide) in paragraph at lines 4--60
 [][] 
 []


LaTeX Warning: Float too large for page by 48.02605pt on input line 62.

) (magisterka/plots/foundationdb/wsl/resource_table_medium_100000.tex
Overfull \hbox (275.76161pt too wide) in paragraph at lines 4--60
 [][] 
 []


LaTeX Warning: Float too large for page by 48.02605pt on input line 62.

)
Dodatek C.

Underfull \hbox (badness 1881) in paragraph at lines 87--88
\T1/lmr/m/n/12 uzy-skane w ±ro-do-wi-sku na-tyw-nego sys-temu ope-ra-cyj-nego L
i-nux (Ubuntu) dla
 []

(magisterka/plots/redis/ubuntu/latency_table_small_100000.tex
Overfull \hbox (202.44342pt too wide) in paragraph at lines 4--60
 [][] 
 []


LaTeX Warning: Float too large for page by 62.4801pt on input line 62.

) (magisterka/plots/redis/ubuntu/latency_table_small_1000000.tex
Overfull \hbox (202.44342pt too wide) in paragraph at lines 4--60
 [][] 
 []


LaTeX Warning: Float too large for page by 62.4801pt on input line 62.

) (magisterka/plots/redis/ubuntu/latency_table_medium_100000.tex
Overfull \hbox (202.44342pt too wide) in paragraph at lines 4--60
 [][] 
 []


LaTeX Warning: Float too large for page by 62.4801pt on input line 62.

) (magisterka/plots/redis/ubuntu/resource_table_small_1000000.tex
Overfull \hbox (275.76161pt too wide) in paragraph at lines 4--60
 [][] 
 []


LaTeX Warning: Float too large for page by 48.02605pt on input line 62.

) (magisterka/plots/redis/ubuntu/resource_table_medium_100000.tex
Overfull \hbox (275.76161pt too wide) in paragraph at lines 4--60
 [][] 
 []


LaTeX Warning: Float too large for page by 48.02605pt on input line 62.

) (magisterka/plots/memcached/ubuntu/latency_table_small_100000.tex
Overfull \hbox (202.44342pt too wide) in paragraph at lines 4--60
 [][] 
 []


LaTeX Warning: Float too large for page by 61.81078pt on input line 62.

) (magisterka/plots/memcached/ubuntu/latency_table_small_1000000.tex
Overfull \hbox (202.44342pt too wide) in paragraph at lines 4--60
 [][] 
 []


LaTeX Warning: Float too large for page by 61.81078pt on input line 62.

) (magisterka/plots/memcached/ubuntu/latency_table_medium_100000.tex
Overfull \hbox (202.44342pt too wide) in paragraph at lines 4--60
 [][] 
 []


LaTeX Warning: Float too large for page by 61.81078pt on input line 62.

) (magisterka/plots/memcached/ubuntu/resource_table_small_1000000.tex
Overfull \hbox (275.76161pt too wide) in paragraph at lines 4--60
 [][] 
 []


LaTeX Warning: Float too large for page by 48.02605pt on input line 62.

) (magisterka/plots/memcached/ubuntu/resource_table_medium_100000.tex
Overfull \hbox (275.76161pt too wide) in paragraph at lines 4--60
 [][] 
 []


LaTeX Warning: Float too large for page by 48.02605pt on input line 62.

) (magisterka/plots/leveldb/ubuntu/latency_table_small_100000.tex
Overfull \hbox (202.44342pt too wide) in paragraph at lines 4--24
 [][] 
 []

) (magisterka/plots/leveldb/ubuntu/latency_table_small_1000000.tex
Overfull \hbox (202.44342pt too wide) in paragraph at lines 4--24
 [][] 
 []

) (magisterka/plots/leveldb/ubuntu/latency_table_medium_100000.tex
Overfull \hbox (202.44342pt too wide) in paragraph at lines 4--24
 [][] 
 []

) (magisterka/plots/leveldb/ubuntu/resource_table_small_1000000.tex
Overfull \hbox (101.1627pt too wide) in paragraph at lines 4--24
 [][] 
 []

) (magisterka/plots/leveldb/ubuntu/resource_table_medium_100000.tex
Overfull \hbox (101.1627pt too wide) in paragraph at lines 4--24
 [][] 
 []

) (magisterka/plots/rocksdb/ubuntu/latency_table_small_100000.tex
Overfull \hbox (202.44342pt too wide) in paragraph at lines 4--24
 [][] 
 []

) (magisterka/plots/rocksdb/ubuntu/latency_table_small_1000000.tex
Overfull \hbox (202.44342pt too wide) in paragraph at lines 4--24
 [][] 
 []

) (magisterka/plots/rocksdb/ubuntu/latency_table_medium_100000.tex
Overfull \hbox (202.44342pt too wide) in paragraph at lines 4--24
 [][] 
 []

) (magisterka/plots/rocksdb/ubuntu/resource_table_small_1000000.tex
Overfull \hbox (101.1627pt too wide) in paragraph at lines 4--24
 [][] 
 []

) (magisterka/plots/rocksdb/ubuntu/resource_table_medium_100000.tex
Overfull \hbox (101.1627pt too wide) in paragraph at lines 4--24
 [][] 
 []

) (magisterka/plots/berkeleydb/ubuntu/latency_table_small_100000.tex
Overfull \hbox (202.44342pt too wide) in paragraph at lines 4--60
 [][] 
 []


LaTeX Warning: Float too large for page by 61.81078pt on input line 62.

) (magisterka/plots/berkeleydb/ubuntu/latency_table_small_1000000.tex
Overfull \hbox (202.44342pt too wide) in paragraph at lines 4--60
 [][] 
 []


LaTeX Warning: Float too large for page by 61.81078pt on input line 62.

) (magisterka/plots/berkeleydb/ubuntu/latency_table_medium_100000.tex
Overfull \hbox (202.44342pt too wide) in paragraph at lines 4--60
 [][] 
 []


LaTeX Warning: Float too large for page by 61.81078pt on input line 62.

) (magisterka/plots/berkeleydb/ubuntu/resource_table_small_1000000.tex
Overfull \hbox (101.1627pt too wide) in paragraph at lines 4--60
 [][] 
 []


Underfull \hbox (badness 10000) in paragraph at lines 60--60
 []\T1/lmr/m/n/10.95 Tabela 77.[][][]Zu»ycie za-so-bów kon-te-nera apli-ka-cji 
klienc-kiej (wbu-do-wany sil-nik 
 []


LaTeX Warning: Float too large for page by 61.62605pt on input line 62.

) (magisterka/plots/berkeleydb/ubuntu/resource_table_medium_100000.tex
Overfull \hbox (101.1627pt too wide) in paragraph at lines 4--60
 [][] 
 []


Underfull \hbox (badness 10000) in paragraph at lines 60--60
 []\T1/lmr/m/n/10.95 Tabela 78.[][][]Zu»ycie za-so-bów kon-te-nera apli-ka-cji 
klienc-kiej (wbu-do-wany sil-nik 
 []


LaTeX Warning: Float too large for page by 61.62605pt on input line 62.

) (magisterka/plots/tarantool/ubuntu/latency_table_small_100000.tex
Overfull \hbox (202.44342pt too wide) in paragraph at lines 4--60
 [][] 
 []


Underfull \hbox (badness 1584) in paragraph at lines 60--60
 []\T1/lmr/m/n/10.95 Tabela 79.[][][]Wyniki wy-daj-no-±ciowe i opó¹-nie-nia ope
-ra-cji bazy da-nych TA-RAN-TOOL 
 []


LaTeX Warning: Float too large for page by 61.81078pt on input line 62.

) (magisterka/plots/tarantool/ubuntu/latency_table_small_1000000.tex
Overfull \hbox (202.44342pt too wide) in paragraph at lines 4--60
 [][] 
 []


Underfull \hbox (badness 1584) in paragraph at lines 60--60
 []\T1/lmr/m/n/10.95 Tabela 80.[][][]Wyniki wy-daj-no-±ciowe i opó¹-nie-nia ope
-ra-cji bazy da-nych TA-RAN-TOOL 
 []


LaTeX Warning: Float too large for page by 61.81078pt on input line 62.

) (magisterka/plots/tarantool/ubuntu/latency_table_medium_100000.tex
Overfull \hbox (202.44342pt too wide) in paragraph at lines 4--60
 [][] 
 []


Underfull \hbox (badness 1584) in paragraph at lines 60--60
 []\T1/lmr/m/n/10.95 Tabela 81.[][][]Wyniki wy-daj-no-±ciowe i opó¹-nie-nia ope
-ra-cji bazy da-nych TA-RAN-TOOL 
 []


LaTeX Warning: Float too large for page by 61.81078pt on input line 62.

) (magisterka/plots/tarantool/ubuntu/resource_table_small_1000000.tex
Overfull \hbox (275.76161pt too wide) in paragraph at lines 4--60
 [][] 
 []


LaTeX Warning: Float too large for page by 48.02605pt on input line 62.

) (magisterka/plots/tarantool/ubuntu/resource_table_medium_100000.tex
Overfull \hbox (275.76161pt too wide) in paragraph at lines 4--60
 [][] 
 []


LaTeX Warning: Float too large for page by 48.02605pt on input line 62.

) (magisterka/plots/couchbase/ubuntu/latency_table_small_100000.tex
Overfull \hbox (202.44342pt too wide) in paragraph at lines 4--60
 [][] 
 []


LaTeX Warning: Float too large for page by 62.4801pt on input line 62.

) (magisterka/plots/couchbase/ubuntu/latency_table_small_1000000.tex
Overfull \hbox (202.44342pt too wide) in paragraph at lines 4--60
 [][] 
 []


LaTeX Warning: Float too large for page by 62.4801pt on input line 62.

) (magisterka/plots/couchbase/ubuntu/latency_table_medium_100000.tex
Overfull \hbox (202.44342pt too wide) in paragraph at lines 4--60
 [][] 
 []


LaTeX Warning: Float too large for page by 62.4801pt on input line 62.

) (magisterka/plots/couchbase/ubuntu/resource_table_small_1000000.tex
Overfull \hbox (275.76161pt too wide) in paragraph at lines 4--60
 [][] 
 []


LaTeX Warning: Float too large for page by 48.02605pt on input line 62.

) (magisterka/plots/couchbase/ubuntu/resource_table_medium_100000.tex
Overfull \hbox (275.76161pt too wide) in paragraph at lines 4--60
 [][] 
 []


LaTeX Warning: Float too large for page by 48.02605pt on input line 62.

) (magisterka/plots/foundationdb/ubuntu/latency_table_small_100000.tex
Overfull \hbox (202.44342pt too wide) in paragraph at lines 4--60
 [][] 
 []


LaTeX Warning: Float too large for page by 61.81078pt on input line 62.

) (magisterka/plots/foundationdb/ubuntu/latency_table_small_1000000.tex
Overfull \hbox (202.44342pt too wide) in paragraph at lines 4--60
 [][] 
 []


LaTeX Warning: Float too large for page by 61.81078pt on input line 62.

) (magisterka/plots/foundationdb/ubuntu/latency_table_medium_100000.tex
Overfull \hbox (202.44342pt too wide) in paragraph at lines 4--60
 [][] 
 []


LaTeX Warning: Float too large for page by 61.81078pt on input line 62.

) (magisterka/plots/foundationdb/ubuntu/resource_table_small_1000000.tex
Overfull \hbox (275.76161pt too wide) in paragraph at lines 4--60
 [][] 
 []


LaTeX Warning: Float too large for page by 48.02605pt on input line 62.

) (magisterka/plots/foundationdb/ubuntu/resource_table_medium_100000.tex
Overfull \hbox (275.76161pt too wide) in paragraph at lines 4--60
 [][] 
 []


LaTeX Warning: Float too large for page by 48.02605pt on input line 62.

))
 ***********
LaTeX2e <2025-11-01>
L3 programming layer <2025-12-24>
 ***********

LaTeX Warning: There were undefined references.

 ) 
Here is how much of TeX's memory you used:
 34595 strings out of 467872
 775881 string characters out of 5418402
 1251994 words of memory out of 5000000
 62568 multiletter control sequences out of 15000+600000
 692284 words of font info for 83 fonts, out of 8000000 for 9000
 1141 hyphenation exceptions out of 8191
 122i,11n,121p,1824b,1169s stack positions out of 10000i,1000n,20000p,200000b,200000s

No pages of output.
